1984060,17,26,1996,2,female,143,6,4,8,3,8,3,0,0
1501206,19,30,1994,6,female,81,7,4,8,3,8,0,0,3
1288063,28,1,1985,1,male,18,7,6,8,3,8,1,0,2
1458733,49,26,1964,1,male,139,7,0,8,2,8,1,0,1
1223112,23,26,1990,5,male,467,7,4,8,6,8,5,0,1
1323737,30,6,1983,10,male,44,6,4,8,7,8,3,0,4
1547348,46,30,1967,12,male,367,6,5,8,7,8,6,0,1
1177239,112,1,1901,1,female,1183,6,3,8,5,8,4,0,1
1375575,21,1,1992,4,male,126,6,6,9,0,0,0,9,0
2068952,24,9,1989,1,male,821,6,3,9,0,0,0,9,0
2070468,101,12,1912,12,female,450,7,6,9,1,1,0,8,1
1004974,55,20,1958,7,male,465,6,6,9,9,0,7,9,2
1728891,21,13,1992,4,female,157,6,6,9,3,8,3,1,0
1930951,29,7,1984,12,female,388,6,6,9,4,7,0,2,4
1946005,16,30,1997,9,female,151,7,1,9,8,8,3,1,5
1452166,18,24,1995,4,male,194,7,7,9,6,8,5,1,1
1465702,13,10,2000,3,male,205,6,5,9,1,9,1,0,0
1931099,16,5,1997,11,female,404,6,6,9,0,9,0,0,0
1698914,23,19,1990,11,male,535,6,5,9,0,9,0,0,0
1809659,23,10,1990,9,male,76,6,6,9,0,9,0,0,0
2016575,26,21,1987,4,male,5,7,7,9,0,9,0,0,0
1697368,44,13,1969,11,female,486,7,3,9,0,9,0,0,0
1417257,35,14,1978,2,male,468,6,5,9,3,9,3,0,0
1535280,18,1,1995,8,male,15,7,7,9,6,9,4,0,2
1031087,20,26,1993,12,male,16,7,7,9,8,9,8,0,0
1052614,32,29,1981,10,male,131,7,6,9,11,9,8,0,3
1594055,22,17,1991,3,male,195,7,5,9,14,9,9,0,5
1102368,22,9,1991,7,female,599,6,5,10,0,0,0,10,0
2061296,29,24,1984,3,male,397,7,5,10,1,0,0,10,1
1025092,47,2,1966,1,male,567,7,2,10,0,0,0,10,0
1653551,57,6,1956,4,male,46,7,3,10,4,0,1,10,3
1473265,60,2,1953,1,male,1172,7,3,10,6,0,0,10,6
1302391,38,16,1975,11,male,107,6,5,10,0,6,0,4,0
1833829,18,22,1995,7,female,25,7,6,10,0,10,0,0,0
1303672,35,1,1978,1,male,213,6,6,10,0,10,0,0,0
2090148,49,31,1964,12,female,401,7,5,10,0,10,0,0,0
1335345,50,1,1963,2,female,502,6,2,10,0,10,0,0,0
1081264,108,5,1905,9,male,57,6,6,10,0,10,0,0,0
1806026,16,8,1997,9,male,154,6,3,10,3,10,2,0,1
1579024,20,1,1993,1,male,451,7,7,10,2,10,2,0,0
1991137,25,5,1988,4,male,1123,6,4,10,4,10,4,0,0
2049684,18,20,1995,5,male,22,6,6,10,12,10,12,0,0
1598588,23,18,1990,7,male,85,7,4,10,7,10,3,0,4
1226925,37,1,1976,1,male,264,6,5,10,8,10,8,0,0
1183704,24,16,1989,5,female,34,7,7,10,21,10,21,0,0
1577507,39,10,1974,6,female,472,6,4,10,127,10,113,0,14
1526050,15,5,1998,2,male,122,6,4,11,0,0,0,11,0
2167942,27,1,1986,1,female,534,6,4,11,26,2,13,9,13
1444898,55,7,1958,2,male,127,6,5,11,9,7,4,4,5
1043426,22,14,1991,11,female,369,7,5,11,1,10,1,1,0
1597102,13,1,2000,1,male,271,6,6,11,0,11,0,0,0
1006476,24,1,1989,1,male,17,7,3,11,1,11,1,0,0
1375527,45,25,1968,6,male,119,7,3,11,0,11,0,0,0
1186566,58,9,1955,8,male,107,6,6,11,0,11,0,0,0
1556959,64,30,1949,4,female,361,7,7,11,0,11,0,0,0
1646417,108,26,1905,4,male,39,7,5,11,1,11,0,0,1
1335917,37,1,1976,8,male,532,6,3,11,3,11,3,0,0
1744091,14,18,1999,12,male,199,7,2,12,1,0,0,12,1
2068331,18,15,1995,9,male,313,7,4,12,1,0,0,12,1
2031622,13,19,2000,7,male,1,6,1,12,29,0,0,12,29
1419393,21,14,1992,6,male,20,7,7,12,0,12,0,0,0
1615959,30,14,1983,7,female,397,6,1,12,1,12,1,0,0
1195220,22,27,1991,6,male,249,6,4,12,5,12,4,0,1
1111583,38,16,1975,11,male,163,6,3,12,3,12,2,0,1
1671131,66,23,1947,7,female,214,6,5,12,3,12,0,0,3
2086587,15,24,1998,7,male,61,6,5,12,9,12,9,0,0
2061906,18,1,1995,1,male,367,7,6,12,8,12,8,0,0
1109442,50,10,1963,10,male,373,7,3,12,8,12,6,0,2
1253302,21,17,1992,4,female,441,6,6,13,5,0,1,13,4
1306207,41,15,1972,9,male,494,7,2,13,0,9,0,4,0
1265848,20,25,1993,6,male,215,6,4,13,6,3,1,10,5
1281656,74,6,1939,2,female,232,7,6,13,4,8,2,5,2
1543153,17,1,1996,7,male,20,7,6,13,9,13,9,0,0
1030095,28,6,1985,3,male,729,6,3,13,19,13,9,0,10
1000813,18,14,1995,8,female,561,6,0,14,0,0,0,14,0
1989587,26,20,1987,5,female,290,7,5,14,3,4,3,10,0
1339285,33,1,1980,1,male,461,7,3,14,0,14,0,0,0
1601262,39,29,1974,10,female,516,6,6,14,0,14,0,0,0
1315010,60,24,1953,9,female,113,6,6,14,4,14,4,0,0
1388202,93,5,1920,6,female,6,6,6,14,4,14,4,0,0
1669403,25,13,1988,2,female,195,6,3,14,27,14,1,0,26
1627246,23,31,1990,1,female,320,6,6,15,2,0,1,15,1
1563746,33,29,1980,11,male,60,6,5,15,1,0,0,15,1
1102099,66,28,1947,7,male,141,7,3,15,1,0,0,15,1
1971560,73,4,1940,1,male,918,7,6,15,1,0,0,15,1
1425316,64,18,1949,3,male,271,7,4,15,8,0,1,15,7
1265049,70,17,1943,7,female,134,6,3,15,10,0,1,15,9
1966197,57,13,1956,6,male,226,6,5,15,0,8,0,7,0
1341935,14,28,1999,5,male,35,6,6,15,1,15,0,0,1
1895554,21,1,1992,1,male,337,7,7,15,0,15,0,0,0
1686127,23,10,1990,5,male,200,6,5,15,6,15,5,0,1
1093632,26,20,1987,7,female,66,6,3,15,16,15,7,0,9
1819354,70,12,1943,7,female,272,7,5,16,11,0,5,16,6
1999015,59,11,1954,11,female,4,7,6,16,34,0,20,16,14
1556310,13,3,2000,10,female,165,7,4,16,24,9,12,7,12
2183296,25,10,1988,1,male,134,7,5,16,2,16,2,0,0
2003662,26,25,1987,4,male,454,7,5,16,0,16,0,0,0
1821792,42,25,1971,2,female,476,6,5,16,1,16,0,0,1
1110937,23,3,1990,6,female,271,6,2,16,4,16,3,0,1
1197264,46,14,1967,10,male,451,7,3,16,4,16,4,0,0
1004400,24,9,1989,1,male,178,6,4,17,0,0,0,17,0
1199919,25,1,1988,1,female,242,6,4,17,0,0,0,17,0
1622276,51,31,1962,7,female,301,7,2,17,4,0,1,17,3
2047914,39,31,1974,10,female,313,6,6,17,29,9,5,8,24
2135851,22,17,1991,7,female,140,6,3,17,0,17,0,0,0
1827217,23,7,1990,2,male,148,6,5,17,6,17,3,0,3
1237067,24,1,1989,7,female,341,6,5,17,4,17,4,0,0
2113528,43,29,1970,8,female,141,6,4,17,30,17,30,0,0
1781812,26,19,1987,3,male,596,6,3,18,0,0,0,18,0
1628673,20,18,1993,11,male,309,6,6,18,0,13,0,5,0
1688280,25,20,1988,8,female,260,7,4,18,6,18,4,0,2
2150976,39,20,1974,9,female,788,7,5,18,10,18,10,0,0
1744529,66,14,1947,11,male,395,7,5,19,0,0,0,19,0
2017052,100,4,1913,4,female,217,7,6,19,17,2,9,17,8
2093393,47,17,1966,8,male,950,6,5,19,2,19,2,0,0
1410643,20,5,1993,3,male,68,7,7,19,17,19,16,0,1
1662114,93,1,1920,1,female,58,7,7,20,5,0,0,20,5
1317296,28,19,1985,12,male,36,7,3,20,0,19,0,1,0
1989986,26,30,1987,3,female,463,7,6,20,0,20,0,0,0
1037040,76,17,1937,4,male,98,6,6,20,1,20,0,0,1
1465648,31,5,1982,5,male,15,6,5,20,5,20,5,0,0
1084898,61,21,1952,9,male,366,7,6,21,12,0,1,21,11
1415116,25,1,1988,1,male,42,6,6,21,0,21,0,0,0
1978472,22,5,1991,5,female,90,6,6,21,9,21,6,0,3
1402317,24,27,1989,8,male,647,7,3,21,14,21,6,0,8
1497037,20,9,1993,9,male,1169,7,3,22,34,0,1,22,33
1065500,30,7,1983,6,female,367,6,5,22,1,22,0,0,1
1569537,37,1,1976,1,female,763,7,4,22,3,22,3,0,0
1237241,39,20,1974,6,male,81,6,5,22,0,22,0,0,0
1858552,19,30,1994,11,female,282,7,5,22,4,22,4,0,0
1299941,53,23,1960,8,male,701,7,2,22,5,22,5,0,0
1486758,30,17,1983,9,male,11,7,7,23,10,23,9,0,1
1283302,45,30,1968,10,male,28,6,4,23,5,23,5,0,0
2044148,15,6,1998,7,female,1,6,6,24,3,0,0,24,3
2019839,28,7,1985,9,female,203,7,6,24,5,0,1,24,4
1973269,24,21,1989,8,male,156,7,4,24,21,0,8,24,13
1358905,21,28,1992,8,female,316,7,7,24,16,17,14,7,2
1554351,23,1,1990,1,female,327,7,2,24,7,21,4,3,3
1115632,28,18,1985,6,male,554,6,4,24,4,24,4,0,0
2031347,65,13,1948,6,female,603,7,4,25,1,7,0,18,1
1264112,24,25,1989,3,male,340,7,3,25,2,25,2,0,0
1645653,28,1,1985,1,male,72,7,6,25,25,25,9,0,16
2165912,42,14,1971,5,male,398,7,7,26,6,0,1,26,5
1892288,27,2,1986,9,male,426,6,5,26,3,26,3,0,0
1793967,21,24,1992,7,male,295,7,7,26,9,26,7,0,2
1602498,29,14,1984,7,male,191,6,6,27,0,3,0,24,0
2110790,21,4,1992,12,male,12,6,6,27,2,27,2,0,0
1025552,23,20,1990,10,female,26,6,4,27,2,27,1,0,1
1989426,108,1,1905,1,female,17,6,5,28,7,0,0,28,7
1813910,40,6,1973,10,male,220,7,5,28,11,14,0,14,11
1582963,48,6,1965,1,male,49,6,5,28,0,28,0,0,0
1349195,20,20,1993,8,female,34,6,5,28,13,28,12,0,1
1281397,25,1,1988,1,male,38,7,5,28,9,28,9,0,0
1105464,33,21,1980,7,male,73,7,5,28,47,28,44,0,3
1821314,50,12,1963,9,female,96,6,6,29,4,0,0,29,4
1398660,55,10,1958,9,male,415,7,4,29,2,0,1,29,1
1542493,36,3,1977,1,female,49,7,6,29,12,16,9,13,3
1397743,18,2,1995,2,male,7,6,6,29,0,29,0,0,0
1259980,25,15,1988,3,female,173,7,6,29,4,29,1,0,3
1294990,50,27,1963,11,female,650,6,4,29,11,29,8,0,3
1983056,35,20,1978,5,male,435,6,3,31,8,17,5,14,3
2012206,40,17,1973,7,male,733,6,3,31,12,19,8,12,4
1516279,26,12,1987,1,female,252,7,6,30,39,29,7,1,32
1999756,50,20,1963,3,female,4,7,7,30,1,30,1,0,0
2018973,21,16,1992,5,male,256,7,6,30,12,30,1,0,11
1366522,29,1,1984,1,male,9,6,6,31,53,31,51,0,2
1693038,25,25,1988,1,female,66,6,4,32,0,32,0,0,0
2011913,30,1,1983,6,male,8,6,6,32,2,32,1,0,1
2112854,59,25,1954,5,female,726,7,3,33,29,0,0,33,29
2190605,63,10,1950,1,male,312,6,4,33,0,28,0,5,0
1044283,44,2,1969,3,male,134,7,5,33,3,33,3,0,0
1745277,66,18,1947,8,male,261,7,6,33,4,33,4,0,0
1406801,43,8,1970,10,female,92,7,4,33,17,33,13,0,4
1459084,103,20,1910,1,male,1170,7,7,34,5,11,4,23,1
1822269,17,4,1996,1,male,60,6,3,34,8,12,1,22,7
1569003,21,25,1992,7,female,21,6,6,34,12,27,3,7,9
1917755,25,26,1988,4,female,155,7,7,34,8,34,6,0,2
1874020,47,10,1966,1,male,217,6,6,36,3,0,2,36,1
2151918,53,4,1960,2,female,59,6,5,35,0,35,0,0,0
1022131,60,16,1953,9,male,224,7,6,36,3,36,0,0,3
1905426,77,6,1936,9,female,588,7,4,35,0,35,0,0,0
1990935,25,1,1988,4,female,134,6,4,35,8,35,8,0,0
1158782,51,26,1962,7,female,74,6,2,36,10,36,4,0,6
1521146,52,27,1961,2,female,188,6,2,37,32,0,0,37,32
1212001,29,2,1984,7,female,163,6,6,38,0,0,0,38,0
1649918,37,9,1976,7,male,545,7,5,38,10,0,6,38,4
2088034,67,20,1946,6,female,73,6,0,39,17,0,0,39,17
1611493,17,5,1996,5,female,9,6,3,38,34,38,34,0,0
1687066,27,14,1986,9,female,588,7,4,40,2,0,0,40,2
1282621,36,7,1977,6,male,555,6,2,40,25,4,20,36,5
1580594,19,4,1994,2,male,13,7,4,42,12,33,8,9,4
2033030,36,18,1977,10,male,321,7,4,44,1,16,1,28,0
1778396,25,1,1988,1,female,265,7,6,46,42,44,36,2,6
2144464,31,16,1982,6,male,100,7,6,47,1,47,0,0,1
1886607,43,19,1970,4,female,479,6,3,47,13,47,13,0,0
2131568,28,3,1985,5,male,37,7,6,48,0,24,0,24,0
2177374,19,6,1994,3,male,323,6,6,48,16,46,16,2,0
1236874,20,18,1993,11,female,709,6,6,48,14,48,14,0,0
2096515,14,15,1999,10,male,28,7,4,51,1,14,0,37,1
1265041,43,20,1970,8,male,28,7,6,51,24,46,21,5,3
2168857,59,7,1954,3,female,178,6,5,53,7,13,0,40,7
2164428,21,29,1992,6,male,29,7,7,53,3,53,2,0,1
1588470,41,15,1972,10,male,663,6,4,55,7,0,0,55,7
1273597,50,10,1963,2,male,26,7,7,55,29,55,28,0,1
1712914,65,20,1948,5,male,336,7,5,56,0,0,0,56,0
1003157,108,10,1905,12,female,95,6,4,56,58,0,0,56,58
2082129,25,1,1988,1,female,252,7,7,56,0,29,0,27,0
1116477,38,13,1975,6,male,500,6,4,57,3,50,3,7,0
2020621,29,1,1984,3,male,9,6,4,57,275,44,267,13,8
1697139,24,25,1989,1,female,51,7,5,56,150,56,83,0,67
1351884,19,4,1994,9,male,55,7,6,60,1,60,1,0,0
1766991,38,1,1975,1,male,64,6,5,61,27,60,1,1,26
1378601,27,5,1986,5,female,104,7,6,61,41,61,19,0,22
1794731,71,25,1942,4,male,26,7,7,64,0,0,0,64,0
1659682,63,26,1950,5,male,1366,7,6,64,14,0,13,64,1
1510232,23,20,1990,9,female,44,6,5,64,14,64,14,0,0
1713824,34,16,1979,3,male,30,6,5,64,14,64,12,0,2
1044266,29,12,1984,5,male,122,6,5,68,8,29,2,39,6
1010297,31,3,1982,3,male,569,7,2,67,0,67,0,0,0
1325603,34,21,1979,8,male,440,7,6,68,7,68,4,0,3
1045530,20,23,1993,9,male,240,6,2,69,3,4,3,65,0
1940580,23,14,1990,3,male,395,7,3,69,1,1,0,68,1
1418914,27,18,1986,11,male,98,6,5,71,1,0,1,71,0
1159151,21,14,1992,8,male,322,7,3,73,3,0,0,73,3
1324795,23,25,1990,6,male,325,6,2,72,7,2,0,70,7
1837341,16,11,1997,11,female,494,6,3,73,0,58,0,15,0
1729395,23,25,1990,11,female,27,7,4,73,19,73,8,0,11
1751499,44,3,1969,12,female,51,7,0,76,7,32,7,44,0
1085458,40,7,1973,10,male,19,7,6,80,10,0,1,80,9
1159206,37,1,1976,1,male,638,6,5,78,16,74,16,4,0
1135362,25,1,1988,1,female,27,7,5,82,8,82,8,0,0
1390843,28,26,1985,12,male,119,6,4,83,24,83,17,0,7
1877534,68,25,1945,6,female,275,7,4,85,33,0,19,85,14
1003472,52,17,1961,7,male,124,6,2,85,40,66,22,19,18
1696629,39,15,1974,8,male,863,6,4,85,55,84,25,1,30
1534077,34,13,1979,6,female,283,7,6,87,62,87,16,0,46
1046212,34,1,1979,1,male,94,6,3,90,26,86,26,4,0
1583244,19,22,1994,1,male,398,6,5,94,2,0,0,94,2
1512476,20,17,1993,4,female,105,7,1,102,0,0,0,102,0
1007853,33,31,1980,8,female,128,6,6,104,5,0,2,104,3
2143055,32,2,1981,8,male,267,7,3,106,1,0,0,106,1
1341531,18,9,1995,2,female,148,7,3,105,65,93,30,12,35
1493426,27,10,1986,4,male,153,7,4,108,33,108,11,0,22
1563036,40,19,1973,1,male,129,6,4,115,8,0,1,115,7
1392098,72,31,1941,5,female,35,7,6,117,15,0,8,117,7
1788330,22,22,1991,9,female,5,7,4,114,14,36,6,78,8
2187820,68,17,1945,2,male,621,6,4,120,42,0,11,120,31
1002142,32,18,1981,7,female,687,7,6,134,29,134,6,0,23
1592207,28,1,1985,4,male,236,7,4,138,11,10,0,128,11
1447357,59,1,1954,1,female,137,7,4,138,38,0,1,138,37
1898707,45,20,1968,12,male,523,7,2,153,1,0,1,153,0
1992164,24,21,1989,10,male,344,7,1,154,206,154,140,0,66
1139519,33,13,1980,10,female,227,6,3,163,10,163,8,0,2
2151343,46,3,1967,12,male,148,6,4,163,33,163,2,0,31
1266915,54,6,1959,1,male,332,6,5,177,24,177,5,0,19
1069957,47,26,1966,12,female,82,6,1,175,167,175,142,0,25
1172340,33,1,1980,1,male,36,6,6,190,43,110,18,80,25
1112998,49,5,1964,6,female,257,6,5,199,3,0,3,199,0
1058069,62,29,1951,7,female,449,7,6,197,115,0,8,197,107
1562679,31,10,1982,10,male,403,7,4,199,7,199,5,0,2
1473343,43,5,1970,6,male,284,7,2,191,24,191,24,0,0
1240028,32,1,1981,1,female,284,7,4,201,2,176,2,25,0
1834364,36,3,1977,9,female,971,6,3,208,4,208,4,0,0
1687825,21,28,1992,1,male,140,7,6,212,146,1,40,211,106
1285260,59,11,1954,11,male,71,6,4,213,5,202,1,11,4
2160030,25,10,1988,11,male,413,6,6,239,1,0,1,239,0
1464516,14,3,1999,7,female,93,6,5,236,27,116,8,120,19
2077310,27,6,1986,6,female,55,7,4,242,33,232,27,10,6
2062139,26,18,1987,11,male,589,6,6,239,36,239,25,0,11
1249466,33,1,1980,1,male,507,7,4,240,12,240,1,0,11
2110060,45,27,1968,2,female,805,6,1,258,273,158,154,100,119
1297567,30,1,1983,9,male,1007,7,6,272,53,270,48,2,5
2101570,65,17,1948,5,male,310,7,5,284,50,284,32,0,18
1009333,32,25,1981,3,female,187,7,7,345,84,345,70,0,14
1806872,21,3,1992,6,male,195,6,5,350,248,285,129,65,119
2181036,20,6,1993,3,female,18,6,6,389,0,389,0,0,0
1631166,29,15,1984,7,female,566,7,4,422,6,0,1,422,5
1997899,26,1,1987,11,female,254,6,4,423,790,0,205,423,585
1439905,52,10,1961,10,female,373,6,3,449,227,201,48,248,179
1971042,26,6,1987,9,female,256,6,4,582,7,582,0,0,7
2111088,44,28,1969,9,male,267,6,5,787,85,0,20,787,65
1456982,18,1,1995,2,female,40,7,5,874,802,862,503,12,299
1806132,19,3,1994,8,female,848,6,4,1190,19,1190,4,0,15
1635648,19,27,1994,1,female,380,6,3,1318,33,1313,16,5,17
1818817,39,1,1974,6,female,282,7,4,1601,12,1601,10,0,2
1291948,25,1,1988,1,female,296,6,4,4474,44,110,14,4364,30
2081400,14,15,1999,12,female,271,8,4,0,0,0,0,0,0
1387963,13,18,2000,3,male,128,8,3,0,1,0,0,0,1
1186450,13,14,2000,4,female,173,8,7,0,0,0,0,0,0
2175052,15,20,1998,11,male,485,8,2,0,0,0,0,0,0
1436580,15,15,1998,11,female,15,8,8,0,0,0,0,0,0
1573489,15,27,1998,12,male,186,8,3,0,0,0,0,0,0
1535446,15,12,1998,12,male,29,8,7,0,0,0,0,0,0
1174752,14,27,1999,7,female,60,8,4,0,0,0,0,0,0
2073046,14,10,1999,8,male,179,8,8,0,0,0,0,0,0
1169143,15,1,1998,1,female,23,8,8,0,0,0,0,0,0
1378120,15,1,1998,2,female,44,8,8,0,0,0,0,0,0
1109798,15,1,1998,3,male,211,8,1,0,0,0,0,0,0
2154719,15,31,1998,5,female,334,8,7,0,0,0,0,0,0
1304109,15,9,1998,5,male,90,8,7,0,0,0,0,0,0
1338805,15,30,1998,9,male,112,8,5,0,0,0,0,0,0
1358991,15,28,1998,10,male,118,8,2,0,0,0,0,0,0
1104681,15,8,1998,10,male,22,8,8,0,0,0,0,0,0
1700768,15,1,1998,11,male,3,8,5,0,0,0,0,0,0
1025488,17,29,1996,11,male,110,8,4,0,0,0,0,0,0
1237310,17,11,1996,11,male,23,8,7,0,0,0,0,0,0
1706486,17,24,1996,12,male,483,8,2,0,0,0,0,0,0
1844878,16,28,1997,4,male,518,8,6,0,1,0,1,0,0
1535544,16,24,1997,6,male,359,8,6,0,0,0,0,0,0
1807432,16,20,1997,6,male,28,8,8,0,22,0,14,0,8
1227186,18,18,1995,11,male,201,8,5,0,0,0,0,0,0
1747319,18,25,1995,11,female,127,8,4,0,0,0,0,0,0
1271304,18,10,1995,11,male,26,8,7,0,0,0,0,0,0
1557763,17,15,1996,1,male,308,8,4,0,0,0,0,0,0
2012130,17,8,1996,2,male,11,8,7,0,0,0,0,0,0
1105886,17,21,1996,3,male,561,8,5,0,0,0,0,0,0
1696357,17,3,1996,3,female,85,8,5,0,0,0,0,0,0
1108494,17,4,1996,3,male,70,8,8,0,2,0,2,0,0
2149509,17,24,1996,4,male,150,8,8,0,0,0,0,0,0
1983789,17,8,1996,7,female,398,8,4,0,1,0,1,0,0
1670486,19,21,1994,11,male,768,8,5,0,0,0,0,0,0
1747667,19,5,1994,11,male,20,8,7,0,0,0,0,0,0
1826456,18,27,1995,1,male,634,8,3,0,0,0,0,0,0
2013871,18,1,1995,1,male,2,8,8,0,0,0,0,0,0
1445009,18,2,1995,2,male,383,8,7,0,0,0,0,0,0
1618773,18,31,1995,3,female,593,8,8,0,0,0,0,0,0
1675043,18,4,1995,3,male,60,8,3,0,0,0,0,0,0
1958178,18,11,1995,4,female,159,8,6,0,0,0,0,0,0
1194178,18,3,1995,6,male,310,8,2,0,0,0,0,0,0
1129604,18,28,1995,6,female,119,8,7,0,0,0,0,0,0
1598272,18,14,1995,10,female,265,8,6,0,2,0,0,0,2
1660151,20,10,1993,11,female,383,8,8,0,0,0,0,0,0
1543076,20,19,1993,12,female,911,8,1,0,0,0,0,0,0
2092698,19,27,1994,1,male,751,8,8,0,0,0,0,0,0
1302382,19,16,1994,1,male,492,8,5,0,0,0,0,0,0
1574486,19,1,1994,1,male,245,8,8,0,4,0,1,0,3
2054042,19,1,1994,1,male,17,8,7,0,0,0,0,0,0
1298853,19,7,1994,2,female,118,8,7,0,0,0,0,0,0
1981335,19,10,1994,4,female,138,8,4,0,3,0,2,0,1
2059016,19,5,1994,5,female,24,8,6,0,1,0,1,0,0
1923340,19,5,1994,8,male,882,8,6,0,0,0,0,0,0
1549221,19,15,1994,9,male,62,8,3,0,0,0,0,0,0
2151963,19,12,1994,9,male,67,8,6,0,0,0,0,0,0
1759407,21,11,1992,12,male,229,8,4,0,0,0,0,0,0
1038348,20,17,1993,1,male,17,8,8,0,0,0,0,0,0
2066169,20,1,1993,1,male,27,8,6,0,0,0,0,0,0
1150578,20,1,1993,1,male,18,8,7,0,0,0,0,0,0
1837870,20,25,1993,4,male,1,8,6,0,0,0,0,0,0
1104319,20,18,1993,7,male,210,8,5,0,0,0,0,0,0
1632303,20,6,1993,7,male,6,8,8,0,2,0,1,0,1
2061316,20,7,1993,9,male,325,8,6,0,0,0,0,0,0
1138955,20,12,1993,10,male,87,8,6,0,0,0,0,0,0
1221695,22,7,1991,11,female,215,8,4,0,0,0,0,0,0
1720602,22,5,1991,12,male,418,8,3,0,0,0,0,0,0
1715537,22,12,1991,12,male,22,8,7,0,0,0,0,0,0
2075580,22,30,1991,12,female,2,8,6,0,1,0,1,0,0
1949935,21,3,1992,1,male,306,8,3,0,0,0,0,0,0
2010830,21,1,1992,1,male,444,8,4,0,0,0,0,0,0
1208400,21,1,1992,1,male,23,8,8,0,0,0,0,0,0
1120465,21,2,1992,2,male,224,8,4,0,19,0,11,0,8
1098402,21,8,1992,2,male,132,8,2,0,0,0,0,0,0
2024758,21,7,1992,4,male,128,8,6,0,0,0,0,0,0
1073084,21,20,1992,5,male,425,8,5,0,0,0,0,0,0
1024534,21,15,1992,5,male,312,8,4,0,2,0,1,0,1
1170277,21,10,1992,7,male,550,8,5,0,0,0,0,0,0
1274021,21,12,1992,7,male,54,8,6,0,0,0,0,0,0
1511149,21,30,1992,8,male,1182,8,0,0,3,0,1,0,2
1902781,21,6,1992,8,male,558,8,5,0,0,0,0,0,0
1970054,21,30,1992,8,male,263,8,7,0,0,0,0,0,0
1472956,21,5,1992,8,male,29,8,8,0,0,0,0,0,0
2176043,21,4,1992,10,female,342,8,5,0,0,0,0,0,0
2062730,23,5,1990,11,male,710,8,7,0,0,0,0,0,0
1621733,23,15,1990,12,male,143,8,7,0,0,0,0,0,0
1027000,22,1,1991,1,male,83,8,8,0,8,0,6,0,2
1891478,22,29,1991,4,male,766,8,7,0,0,0,0,0,0
1603540,22,10,1991,6,male,466,8,3,0,8,0,4,0,4
1565182,22,12,1991,6,male,68,8,7,0,1,0,1,0,0
1511524,24,13,1989,11,male,270,8,5,0,0,0,0,0,0
1499307,23,28,1990,1,male,443,8,5,0,1,0,0,0,1
2002082,23,10,1990,1,male,274,8,5,0,0,0,0,0,0
1975381,23,25,1990,1,female,208,8,7,0,0,0,0,0,0
1370768,23,24,1990,1,male,47,8,5,0,0,0,0,0,0
1159383,23,1,1990,1,male,458,8,2,0,0,0,0,0,0
1921583,23,3,1990,3,male,6,8,0,0,0,0,0,0,0
2092891,23,2,1990,5,male,412,8,8,0,0,0,0,0,0
2157257,23,18,1990,7,female,570,8,6,0,0,0,0,0,0
1890135,23,7,1990,7,male,524,8,3,0,0,0,0,0,0
1470880,23,20,1990,7,female,503,8,6,0,0,0,0,0,0
1534708,23,12,1990,8,male,4,8,5,0,0,0,0,0,0
1251523,23,19,1990,9,male,220,8,6,0,0,0,0,0,0
2000615,23,8,1990,10,male,423,8,5,0,0,0,0,0,0
1391659,23,15,1990,10,female,134,8,8,0,0,0,0,0,0
1320682,23,30,1990,10,male,102,8,7,0,0,0,0,0,0
2045439,25,22,1988,11,male,77,8,8,0,0,0,0,0,0
2129329,24,12,1989,1,male,117,8,7,0,0,0,0,0,0
1078851,24,5,1989,1,male,109,8,5,0,0,0,0,0,0
2013852,24,22,1989,2,female,339,8,6,0,0,0,0,0,0
2002468,24,8,1989,2,female,46,8,2,0,0,0,0,0,0
2072050,24,18,1989,2,male,24,8,4,0,0,0,0,0,0
1546590,24,11,1989,3,male,255,8,1,0,7,0,7,0,0
1059774,24,17,1989,4,male,431,8,2,0,0,0,0,0,0
1369977,24,15,1989,4,female,374,8,6,0,0,0,0,0,0
1922510,24,27,1989,6,male,88,8,6,0,3,0,3,0,0
2044782,24,11,1989,8,male,265,8,5,0,0,0,0,0,0
1884274,24,11,1989,9,male,30,8,8,0,0,0,0,0,0
1127666,26,18,1987,11,male,575,8,5,0,0,0,0,0,0
1029455,26,3,1987,12,female,542,8,7,0,0,0,0,0,0
1206278,25,15,1988,1,male,270,8,8,0,0,0,0,0,0
1883411,25,1,1988,1,male,299,8,5,0,0,0,0,0,0
2023680,25,1,1988,1,female,222,8,6,0,0,0,0,0,0
1892731,25,1,1988,1,male,212,8,5,0,2,0,1,0,1
1138057,25,1,1988,1,male,130,8,6,0,0,0,0,0,0
2169621,25,1,1988,1,male,59,8,7,0,0,0,0,0,0
1479643,25,1,1988,1,male,45,8,7,0,0,0,0,0,0
1724510,25,1,1988,1,male,8,8,8,0,0,0,0,0,0
1647258,25,1,1988,1,male,9,8,5,0,0,0,0,0,0
1420002,25,1,1988,1,male,7,8,8,0,0,0,0,0,0
1851712,25,8,1988,2,male,825,8,7,0,0,0,0,0,0
1617238,25,22,1988,2,male,536,8,8,0,0,0,0,0,0
1009626,25,28,1988,2,female,186,8,5,0,0,0,0,0,0
2100857,25,6,1988,3,female,62,8,5,0,0,0,0,0,0
1801042,25,17,1988,3,male,60,8,8,0,0,0,0,0,0
1274616,25,31,1988,5,male,329,8,8,0,7,0,0,0,7
1748225,25,4,1988,5,male,89,8,7,0,3,0,2,0,1
1002101,25,30,1988,8,female,453,8,6,0,0,0,0,0,0
1034994,25,4,1988,10,male,385,8,7,0,0,0,0,0,0
1232886,25,6,1988,10,male,347,8,3,0,0,0,0,0,0
1288972,25,10,1988,10,male,201,8,6,0,9,0,1,0,8
1985394,27,21,1986,11,male,297,8,5,0,0,0,0,0,0
1467907,27,4,1986,12,female,474,8,6,0,0,0,0,0,0
1775080,26,12,1987,1,female,330,8,5,0,0,0,0,0,0
1103704,26,1,1987,1,male,366,8,2,0,0,0,0,0,0
1549008,26,1,1987,1,male,355,8,4,0,0,0,0,0,0
1840066,26,1,1987,1,male,319,8,5,0,0,0,0,0,0
1277611,26,1,1987,1,male,173,8,8,0,0,0,0,0,0
1251970,26,24,1987,2,female,595,8,1,0,0,0,0,0,0
1457204,26,30,1987,4,male,348,8,4,0,0,0,0,0,0
1584289,26,31,1987,7,male,463,8,2,0,0,0,0,0,0
1093332,26,21,1987,7,male,263,8,6,0,0,0,0,0,0
1500358,28,28,1985,12,male,157,8,7,0,0,0,0,0,0
2100852,28,20,1985,12,female,59,8,3,0,0,0,0,0,0
1776456,28,3,1985,12,male,32,8,7,0,0,0,0,0,0
2103073,27,1,1986,1,male,25,8,8,0,0,0,0,0,0
2074191,27,27,1986,2,male,317,8,5,0,0,0,0,0,0
1031727,27,17,1986,3,male,526,8,3,0,1,0,0,0,1
2041936,27,20,1986,4,male,409,8,1,0,0,0,0,0,0
1939569,27,28,1986,7,male,404,8,4,0,0,0,0,0,0
1084736,27,29,1986,7,male,264,8,2,0,2,0,2,0,0
1619096,27,2,1986,8,female,423,8,5,0,0,0,0,0,0
2021897,27,4,1986,9,female,188,8,6,0,0,0,0,0,0
1960933,27,31,1986,10,male,382,8,5,0,0,0,0,0,0
1178519,28,14,1985,1,male,77,8,8,0,0,0,0,0,0
1889379,28,1,1985,1,female,419,8,4,0,5,0,0,0,5
1167248,28,18,1985,2,male,304,8,8,0,0,0,0,0,0
1638793,28,5,1985,3,male,285,8,0,0,0,0,0,0,0
1441369,28,3,1985,3,male,53,8,1,0,0,0,0,0,0
1360725,28,5,1985,3,male,2,8,6,0,0,0,0,0,0
1515425,28,8,1985,5,female,445,8,5,0,0,0,0,0,0
1062416,28,29,1985,5,male,5,8,5,0,0,0,0,0,0
2076045,28,24,1985,8,male,579,8,3,0,0,0,0,0,0
1627009,30,23,1983,12,male,14,8,6,0,0,0,0,0,0
1472602,30,23,1983,12,male,16,8,6,0,0,0,0,0,0
1213307,29,7,1984,1,male,138,8,7,0,0,0,0,0,0
1076326,29,5,1984,5,male,168,8,4,0,1,0,0,0,1
1006463,29,24,1984,7,female,518,8,7,0,0,0,0,0,0
1238252,29,12,1984,7,male,341,8,8,0,0,0,0,0,0
1648288,29,11,1984,8,female,578,8,1,0,0,0,0,0,0
1896365,29,9,1984,8,male,283,8,6,0,0,0,0,0,0
1830356,29,3,1984,10,female,142,8,8,0,0,0,0,0,0
1363038,30,25,1983,1,female,77,8,5,0,0,0,0,0,0
1206800,30,21,1983,9,male,498,8,5,0,0,0,0,0,0
1117830,31,1,1982,1,male,566,8,7,0,0,0,0,0,0
1516390,31,10,1982,6,male,300,8,8,0,0,0,0,0,0
1236441,31,26,1982,6,male,148,8,6,0,0,0,0,0,0
1994930,31,13,1982,7,male,85,8,3,0,1,0,1,0,0
1901459,31,14,1982,10,male,729,8,1,0,2,0,1,0,1
1763423,33,5,1980,11,female,1193,8,4,0,0,0,0,0,0
1994108,32,25,1981,1,male,654,8,6,0,0,0,0,0,0
1346850,32,13,1981,4,male,382,8,5,0,0,0,0,0,0
1885851,32,20,1981,4,male,156,8,5,0,0,0,0,0,0
1169100,32,8,1981,9,male,766,8,4,0,0,0,0,0,0
2126927,33,1,1980,1,male,571,8,3,0,0,0,0,0,0
1203771,33,7,1980,3,male,384,8,4,0,0,0,0,0,0
1999155,33,15,1980,10,male,73,8,7,0,0,0,0,0,0
1716250,34,10,1979,5,female,60,8,6,0,0,0,0,0,0
1941059,34,5,1979,7,female,748,8,5,0,0,0,0,0,0
1560612,34,1,1979,7,male,375,8,5,0,0,0,0,0,0
1166210,34,2,1979,8,male,304,8,7,0,0,0,0,0,0
1430068,36,7,1977,12,male,239,8,7,0,0,0,0,0,0
1513754,35,1,1978,3,male,806,8,2,0,0,0,0,0,0
1563599,35,17,1978,6,female,401,8,4,0,0,0,0,0,0
1253515,35,4,1978,7,male,525,8,4,0,2,0,2,0,0
1021706,35,6,1978,7,male,232,8,5,0,2,0,0,0,2
1627399,35,19,1978,8,male,366,8,5,0,0,0,0,0,0
1813844,35,7,1978,8,male,265,8,8,0,0,0,0,0,0
1307177,35,20,1978,10,female,282,8,5,0,0,0,0,0,0
1461912,35,8,1978,10,male,76,8,7,0,0,0,0,0,0
2026037,37,24,1976,11,male,405,8,2,0,0,0,0,0,0
1850048,36,15,1977,1,female,388,8,7,0,0,0,0,0,0
1087611,36,8,1977,8,female,503,8,7,0,0,0,0,0,0
1947232,37,9,1976,1,male,740,8,2,0,0,0,0,0,0
1386038,37,3,1976,3,female,457,8,3,0,0,0,0,0,0
1313157,37,10,1976,10,female,4,8,6,0,0,0,0,0,0
1713290,38,4,1975,2,male,496,8,8,0,0,0,0,0,0
1915720,38,5,1975,5,male,689,8,7,0,0,0,0,0,0
1123347,38,20,1975,7,male,276,8,4,0,0,0,0,0,0
2128134,38,7,1975,8,male,612,8,4,0,0,0,0,0,0
1700577,38,1,1975,10,male,267,8,7,0,0,0,0,0,0
1015814,40,7,1973,12,male,688,8,6,0,0,0,0,0,0
1351628,40,4,1973,12,male,98,8,6,0,0,0,0,0,0
1761692,39,1,1974,1,male,1799,8,7,0,0,0,0,0,0
1213019,39,1,1974,2,male,645,8,0,0,0,0,0,0,0
1803472,39,3,1974,10,male,683,8,3,0,0,0,0,0,0
2101214,40,28,1973,1,male,134,8,7,0,0,0,0,0,0
1609689,40,1,1973,1,female,313,8,8,0,0,0,0,0,0
1348988,40,26,1973,5,male,395,8,3,0,0,0,0,0,0
1601264,40,26,1973,8,male,250,8,8,0,2,0,2,0,0
1888717,40,8,1973,10,male,451,8,7,0,3,0,1,0,2
1383056,40,13,1973,10,male,338,8,6,0,0,0,0,0,0
2136289,42,4,1971,12,female,111,8,6,0,0,0,0,0,0
1462463,41,29,1972,9,male,391,8,5,0,1,0,1,0,0
1664347,41,1,1972,9,male,242,8,3,0,0,0,0,0,0
2074730,41,8,1972,10,female,302,8,6,0,2,0,0,0,2
1292405,43,27,1970,12,female,169,8,8,0,0,0,0,0,0
1787268,42,7,1971,2,female,277,8,7,0,0,0,0,0,0
1064670,42,18,1971,8,female,493,8,4,0,0,0,0,0,0
1498921,42,28,1971,8,male,285,8,8,0,0,0,0,0,0
1933577,43,15,1970,8,female,181,8,6,0,0,0,0,0,0
2128032,43,29,1970,9,female,518,8,4,0,0,0,0,0,0
1059054,43,17,1970,9,male,643,8,7,0,0,0,0,0,0
1817124,43,1,1970,10,male,500,8,5,0,0,0,0,0,0
2184707,44,8,1969,2,male,21,8,6,0,0,0,0,0,0
1772285,46,29,1967,11,female,160,8,5,0,0,0,0,0,0
2024813,45,25,1968,1,male,117,8,8,0,0,0,0,0,0
1138232,45,3,1968,1,male,30,8,0,0,0,0,0,0,0
2192521,45,3,1968,8,male,105,8,5,0,0,0,0,0,0
1881595,45,14,1968,9,male,728,8,2,0,0,0,0,0,0
1227677,47,10,1966,11,male,557,8,6,0,0,0,0,0,0
1848966,47,11,1966,12,male,639,8,5,0,0,0,0,0,0
1953488,46,24,1967,9,male,211,8,6,0,0,0,0,0,0
1062132,46,28,1967,9,female,42,8,8,0,7,0,7,0,0
1044922,46,20,1967,10,female,664,8,8,0,0,0,0,0,0
1437706,47,14,1966,2,female,132,8,6,0,2,0,0,0,2
1997681,47,29,1966,5,male,705,8,4,0,0,0,0,0,0
2107875,47,22,1966,5,female,177,8,7,0,0,0,0,0,0
1487309,49,24,1964,11,male,307,8,4,0,0,0,0,0,0
1527750,49,9,1964,2,male,207,8,3,0,0,0,0,0,0
1129123,49,27,1964,4,female,416,8,5,0,0,0,0,0,0
2090211,49,3,1964,8,male,393,8,6,0,0,0,0,0,0
2112381,50,25,1963,5,male,235,8,5,0,0,0,0,0,0
1414280,50,29,1963,7,male,259,8,2,0,1,0,1,0,0
1506673,50,11,1963,7,male,238,8,5,0,0,0,0,0,0
1946030,50,1,1963,11,male,176,8,7,0,0,0,0,0,0
1586910,52,10,1961,12,male,377,8,6,0,0,0,0,0,0
1480187,52,4,1961,1,male,272,8,3,0,3,0,2,0,1
2142162,52,4,1961,2,female,532,8,5,0,0,0,0,0,0
1235872,52,1,1961,9,female,463,8,5,0,0,0,0,0,0
2191084,54,30,1959,12,female,430,8,6,0,0,0,0,0,0
1312438,53,10,1960,2,female,137,8,7,0,0,0,0,0,0
1060120,53,26,1960,3,female,419,8,6,0,0,0,0,0,0
1900707,53,15,1960,7,male,375,8,8,0,0,0,0,0,0
1462624,54,8,1959,1,male,965,8,5,0,0,0,0,0,0
1373968,54,14,1959,1,male,681,8,3,0,0,0,0,0,0
1815620,54,2,1959,10,female,313,8,6,0,0,0,0,0,0
1415896,55,1,1958,2,female,13,8,5,0,0,0,0,0,0
1494427,55,6,1958,4,male,440,8,4,0,0,0,0,0,0
1751821,55,21,1958,7,male,732,8,2,0,0,0,0,0,0
1095318,55,12,1958,8,male,361,8,8,0,0,0,0,0,0
1038795,55,8,1958,8,male,314,8,6,0,2,0,0,0,2
1343569,55,5,1958,9,female,1167,8,3,0,0,0,0,0,0
1142126,57,8,1956,11,female,50,8,8,0,0,0,0,0,0
1980203,56,17,1957,7,male,289,8,4,0,0,0,0,0,0
1352116,56,14,1957,8,male,33,8,2,0,0,0,0,0,0
1820771,56,20,1957,9,male,773,8,3,0,0,0,0,0,0
1878295,57,21,1956,5,female,40,8,5,0,0,0,0,0,0
2127005,57,1,1956,7,male,694,8,5,0,0,0,0,0,0
1574793,57,28,1956,8,female,468,8,1,0,0,0,0,0,0
1168723,59,10,1954,12,male,131,8,7,0,2,0,2,0,0
2147471,58,26,1955,10,female,1895,8,5,0,0,0,0,0,0
1085041,59,21,1954,2,male,220,8,2,0,0,0,0,0,0
1578812,59,2,1954,7,male,173,8,3,0,1,0,1,0,0
1668815,59,29,1954,9,male,644,8,8,0,0,0,0,0,0
1547492,61,1,1952,1,male,534,8,2,0,0,0,0,0,0
1562312,61,3,1952,3,female,770,8,7,0,0,0,0,0,0
1773530,61,26,1952,5,male,164,8,5,0,0,0,0,0,0
1106694,61,30,1952,6,male,496,8,7,0,0,0,0,0,0
1327928,62,1,1951,1,male,178,8,7,0,0,0,0,0,0
1789440,62,5,1951,5,male,1795,8,2,0,0,0,0,0,0
1315304,62,25,1951,6,male,1769,8,4,0,0,0,0,0,0
1604174,62,13,1951,8,female,292,8,1,0,0,0,0,0,0
1535943,63,25,1950,9,female,212,8,8,0,0,0,0,0,0
1626511,63,6,1950,10,male,338,8,6,0,0,0,0,0,0
2086341,65,10,1948,12,female,264,8,4,0,0,0,0,0,0
1343021,64,12,1949,7,male,1377,8,3,0,0,0,0,0,0
1708115,64,22,1949,9,male,227,8,7,0,0,0,0,0,0
1628745,65,4,1948,3,male,204,8,6,0,16,0,4,0,12
1652129,68,29,1945,11,female,312,8,6,0,0,0,0,0,0
1407052,67,30,1946,10,male,1679,8,4,0,0,0,0,0,0
1733750,68,27,1945,4,male,24,8,8,0,0,0,0,0,0
2002348,71,14,1942,7,male,1057,8,4,0,0,0,0,0,0
2148691,74,21,1939,11,female,305,8,6,0,1,0,1,0,0
1757081,75,3,1938,3,male,486,8,6,0,0,0,0,0,0
1205008,75,1,1938,9,male,277,8,8,0,0,0,0,0,0
1865704,78,15,1935,11,female,59,8,8,0,0,0,0,0,0
1370737,83,1,1930,8,male,1427,8,1,0,0,0,0,0,0
2025391,91,30,1922,8,male,5,8,6,0,0,0,0,0,0
1863991,108,26,1905,11,male,47,8,8,0,0,0,0,0,0
1740712,108,1,1905,1,female,197,8,2,0,1,0,1,0,0
2046420,108,7,1905,8,female,227,8,3,0,0,0,0,0,0
2139524,108,23,1905,9,female,179,8,7,0,1,0,0,0,1
2036804,14,3,1999,2,male,330,8,6,1,0,0,0,1,0
1283905,17,14,1996,2,male,309,8,2,1,0,0,0,1,0
1247861,18,10,1995,6,male,244,8,8,1,0,0,0,1,0
1211368,19,26,1994,7,male,432,8,4,1,0,0,0,1,0
1781198,22,1,1991,1,male,1303,8,7,1,0,0,0,1,0
1604496,23,2,1990,8,female,365,8,2,1,0,0,0,1,0
1045479,23,28,1990,9,male,45,8,6,1,0,0,0,1,0
1837447,53,15,1960,7,male,339,8,0,1,0,0,0,1,0
1171906,54,27,1959,2,male,1365,8,3,1,0,0,0,1,0
2068757,68,15,1945,6,male,81,8,5,1,0,0,0,1,0
1152494,21,18,1992,11,male,616,8,4,1,1,0,1,1,0
1949068,23,22,1990,11,male,313,8,3,1,1,0,0,1,1
1212500,27,21,1986,12,female,486,8,5,1,1,0,0,1,1
1657336,35,19,1978,5,male,249,8,7,1,1,0,1,1,0
1530987,58,24,1955,4,male,128,8,8,1,1,0,1,1,0
2092282,69,21,1944,10,male,652,8,2,1,1,0,0,1,1
1118329,73,3,1940,3,female,91,8,6,1,1,0,1,1,0
2088639,13,28,2000,3,male,80,8,7,1,7,0,4,1,3
2151710,17,28,1996,6,male,366,8,6,1,3,0,2,1,1
1942931,21,10,1992,2,male,10,8,5,1,7,0,4,1,3
2127696,22,19,1991,2,female,2,8,5,1,2,0,0,1,2
1123200,23,15,1990,1,female,144,8,3,1,4,0,2,1,2
2034703,24,4,1989,5,female,181,8,6,1,22,0,20,1,2
1132224,34,23,1979,12,male,585,8,6,1,6,0,0,1,6
2148537,47,19,1966,1,female,345,8,4,1,4,0,1,1,3
1298392,48,10,1965,1,male,114,8,3,1,3,0,3,1,0
1760835,49,6,1964,7,male,603,8,1,1,5,0,2,1,3
1458749,50,23,1963,1,female,313,8,5,1,6,0,4,1,2
1367078,55,30,1958,10,female,3,8,8,1,3,0,0,1,3
1262657,69,11,1944,2,female,144,8,6,1,19,0,14,1,5
1847698,16,27,1997,12,male,49,8,6,1,0,1,0,0,0
1608158,16,13,1997,1,male,183,8,8,1,0,1,0,0,0
1149723,17,31,1996,8,male,25,8,4,1,0,1,0,0,0
2153406,18,13,1995,4,male,256,8,7,1,0,1,0,0,0
1576413,19,9,1994,5,male,14,8,7,1,0,1,0,0,0
1486600,20,18,1993,9,male,220,8,4,1,0,1,0,0,0
1667156,22,10,1991,11,male,451,8,7,1,0,1,0,0,0
2079040,22,9,1991,7,male,423,8,6,1,0,1,0,0,0
2018438,24,1,1989,1,male,226,8,6,1,0,1,0,0,0
1294482,24,1,1989,1,female,60,8,8,1,0,1,0,0,0
1919585,24,19,1989,10,male,6,8,8,1,0,1,0,0,0
1903585,26,2,1987,12,female,275,8,4,1,0,1,0,0,0
1309007,25,1,1988,1,male,86,8,6,1,0,1,0,0,0
1998550,25,2,1988,6,female,116,8,3,1,0,1,0,0,0
1445855,26,20,1987,4,female,446,8,4,1,0,1,0,0,0
2029540,27,12,1986,6,male,116,8,8,1,0,1,0,0,0
1677588,27,8,1986,6,male,36,8,6,1,0,1,0,0,0
1405699,28,23,1985,10,male,215,8,8,1,0,1,0,0,0
1128174,30,12,1983,11,male,686,8,6,1,0,1,0,0,0
1623769,30,16,1983,2,male,106,8,5,1,0,1,0,0,0
1387858,35,28,1978,9,male,534,8,1,1,0,1,0,0,0
2124392,42,12,1971,6,female,221,8,6,1,0,1,0,0,0
1212391,44,6,1969,1,male,205,8,5,1,0,1,0,0,0
2029021,45,7,1968,2,male,338,8,3,1,0,1,0,0,0
1661914,45,10,1968,2,male,155,8,8,1,0,1,0,0,0
1567444,45,7,1968,6,female,354,8,6,1,0,1,0,0,0
1755774,47,7,1966,11,female,464,8,6,1,0,1,0,0,0
1836209,46,30,1967,6,male,84,8,7,1,0,1,0,0,0
1415582,49,1,1964,12,male,223,8,8,1,0,1,0,0,0
1425141,51,30,1962,12,female,584,8,7,1,0,1,0,0,0
1850188,51,16,1962,2,male,824,8,7,1,0,1,0,0,0
1646680,53,14,1960,12,male,191,8,7,1,0,1,0,0,0
2069734,53,23,1960,6,male,171,8,4,1,0,1,0,0,0
1316117,56,9,1957,5,male,77,8,5,1,0,1,0,0,0
1865992,60,11,1953,5,male,472,8,6,1,0,1,0,0,0
1118547,108,23,1905,7,female,1055,8,6,1,0,1,0,0,0
1449413,108,5,1905,9,female,18,8,6,1,0,1,0,0,0
1043024,17,16,1996,1,male,50,8,6,1,1,1,1,0,0
1570784,28,5,1985,1,male,3,8,5,1,1,1,1,0,0
1894151,28,19,1985,7,male,47,8,8,1,1,1,1,0,0
1029279,28,3,1985,8,female,69,8,6,1,1,1,1,0,0
1230784,29,16,1984,4,male,14,8,8,1,1,1,0,0,1
1430427,43,15,1970,10,male,76,8,7,1,1,1,1,0,0
1726017,45,20,1968,1,male,246,8,7,1,1,1,1,0,0
1332362,45,19,1968,9,male,84,8,6,1,1,1,1,0,0
1611259,45,17,1968,10,male,96,8,5,1,1,1,0,0,1
1199386,67,14,1946,9,male,1728,8,5,1,1,1,1,0,0
1107970,13,16,2000,5,male,101,8,6,1,2,1,2,0,0
1031062,28,7,1985,1,male,53,8,5,1,19,1,9,0,10
1097939,39,17,1974,8,female,59,8,6,1,4,1,3,0,1
1583405,41,6,1972,10,male,288,8,7,1,7,1,5,0,2
1019289,41,3,1972,10,female,114,8,3,1,2,1,2,0,0
2127730,43,24,1970,4,female,64,8,8,1,3,1,2,0,1
2035462,47,1,1966,1,male,308,8,5,1,11,1,10,0,1
1811410,50,24,1963,2,female,243,8,5,1,2,1,1,0,1
1390590,61,6,1952,2,male,250,8,5,1,2,1,2,0,0
1301459,61,30,1952,4,male,1786,8,3,1,2,1,0,0,2
1213172,15,10,1998,5,male,508,8,6,2,0,0,0,2,0
2192538,25,15,1988,11,female,1331,8,2,2,0,0,0,2,0
1170906,33,9,1980,8,female,107,8,3,2,0,0,0,2,0
1164818,42,7,1971,8,female,241,8,3,2,0,0,0,2,0
1428374,55,31,1958,5,male,202,8,7,2,0,0,0,2,0
2085228,17,17,1996,3,female,288,8,8,2,1,0,1,2,0
2152770,40,17,1973,9,male,527,8,4,2,1,0,0,2,1
2181325,62,6,1951,1,female,261,8,5,2,1,0,0,2,1
1475566,75,25,1938,7,male,1679,8,2,2,1,0,1,2,0
1744723,55,20,1958,8,male,305,8,5,2,2,0,1,2,1
1668718,58,16,1955,7,male,1643,8,1,2,2,0,2,2,0
1183317,64,10,1949,3,female,234,8,5,2,2,0,0,2,2
2084958,24,19,1989,7,female,774,8,8,2,4,0,0,2,4
1098141,26,12,1987,2,male,89,8,8,2,7,0,2,2,5
1888105,43,16,1970,12,male,280,8,7,2,3,0,3,2,0
1335988,65,26,1948,5,male,66,8,4,2,3,0,2,2,1
1889953,69,5,1944,7,male,1021,8,4,2,68,0,28,2,40
2138024,70,18,1943,7,male,1545,8,5,2,6,0,1,2,5
1152647,49,5,1964,2,female,1110,8,3,2,0,1,0,1,0
1990308,68,30,1945,8,male,321,8,4,2,2,1,0,1,2
1594737,16,9,1997,6,male,1041,8,6,2,0,2,0,0,0
1209757,18,3,1995,12,male,28,8,6,2,0,2,0,0,0
2157407,17,19,1996,6,male,411,8,2,2,0,2,0,0,0
1744847,17,1,1996,10,male,10,8,8,2,0,2,0,0,0
2169730,22,12,1991,1,male,35,8,3,2,0,2,0,0,0
1763856,22,10,1991,6,male,55,8,8,2,0,2,0,0,0
1196997,25,1,1988,1,male,49,8,8,2,0,2,0,0,0
1678199,28,8,1985,8,male,498,8,8,2,0,2,0,0,0
1322160,29,15,1984,1,male,732,8,8,2,0,2,0,0,0
1168910,29,26,1984,3,male,594,8,5,2,0,2,0,0,0
1061381,32,20,1981,3,female,96,8,5,2,0,2,0,0,0
1043991,66,1,1947,8,male,415,8,1,2,0,2,0,0,0
1318258,17,1,1996,12,male,20,8,8,2,1,2,0,0,1
2144644,18,14,1995,2,male,6,8,8,2,1,2,1,0,0
1615700,13,30,2000,9,male,28,8,8,2,2,2,2,0,0
1781455,15,11,1998,8,male,149,8,6,2,2,2,2,0,0
1439694,22,8,1991,1,male,194,8,7,2,2,2,2,0,0
1140397,22,20,1991,2,male,316,8,6,2,2,2,2,0,0
1560854,20,21,1993,6,male,9,8,5,2,10,2,3,0,7
1599124,21,1,1992,11,female,1,8,0,2,3,2,0,0,3
1664098,25,1,1988,1,male,14,8,5,2,4,2,2,0,2
1419292,29,21,1984,3,female,287,8,7,2,8,2,8,0,0
1544071,60,16,1953,12,male,517,8,7,2,3,2,2,0,1
1259969,108,5,1905,1,female,22,8,5,2,8,2,7,0,1
1236952,25,10,1988,7,male,37,8,8,3,0,0,0,3,0
1521423,35,21,1978,11,male,1096,8,2,3,0,0,0,3,0
2139219,16,6,1997,6,male,28,8,5,3,2,0,1,3,1
1506351,34,19,1979,1,male,436,8,7,3,14,0,1,3,13
1354790,44,20,1969,12,female,406,8,5,3,12,0,10,3,2
2037243,43,10,1970,8,female,472,8,5,3,0,1,0,2,0
1632521,50,1,1963,8,male,551,8,4,3,0,1,0,2,0
1621574,33,30,1980,10,male,226,8,3,3,1,1,0,2,1
2158967,26,1,1987,1,male,16,8,8,3,0,3,0,0,0
1980089,36,25,1977,9,female,314,8,3,3,0,3,0,0,0
1622519,41,14,1972,7,male,193,8,4,3,0,3,0,0,0
1372774,51,2,1962,1,female,438,8,6,3,0,3,0,0,0
1968200,18,10,1995,3,male,258,8,6,3,1,3,1,0,0
1499154,32,31,1981,10,male,144,8,5,3,1,3,1,0,0
1175429,52,5,1961,5,male,38,8,6,3,1,3,1,0,0
1972760,19,17,1994,6,male,9,8,4,3,2,3,2,0,0
1275529,21,4,1992,9,male,197,8,7,3,2,3,2,0,0
1737063,25,1,1988,1,male,224,8,7,3,3,3,3,0,0
2002236,32,29,1981,3,male,132,8,5,3,4,3,4,0,0
1272428,18,10,1995,10,female,35,8,7,3,10,3,10,0,0
1878137,23,1,1990,6,female,174,8,6,3,5,3,4,0,1
1559040,49,5,1964,11,female,161,8,6,3,7,3,6,0,1
1060721,63,19,1950,10,male,216,8,4,3,6,3,6,0,0
2141600,70,16,1943,8,female,299,8,4,3,5,3,5,0,0
1660389,98,12,1915,4,female,25,8,4,3,10,3,10,0,0
1756045,14,9,1999,9,male,92,8,6,4,0,0,0,4,0
1552215,20,12,1993,6,male,213,8,8,4,0,0,0,4,0
1065512,61,12,1952,9,female,430,8,7,4,0,0,0,4,0
2070040,14,3,1999,1,female,4,8,7,4,1,0,0,4,1
1054739,47,19,1966,6,male,31,8,8,4,10,0,1,4,9
1893822,60,26,1953,2,male,1476,8,4,4,6,0,5,4,1
1983460,67,13,1946,2,male,981,8,6,4,25,0,6,4,19
1902449,39,21,1974,9,female,117,8,7,4,0,1,0,3,0
1387894,35,11,1978,11,male,1007,8,7,4,2,1,0,3,2
1065317,22,12,1991,2,female,203,8,5,4,0,4,0,0,0
1359792,28,30,1985,9,female,270,8,5,4,0,4,0,0,0
1551716,29,10,1984,7,male,391,8,6,4,0,4,0,0,0
1925669,32,1,1981,1,male,5,8,2,4,0,4,0,0,0
1079610,37,3,1976,8,male,189,8,3,4,0,4,0,0,0
1753154,46,6,1967,5,male,508,8,3,4,0,4,0,0,0
1800950,48,22,1965,3,female,221,8,6,4,0,4,0,0,0
1321206,70,17,1943,8,female,29,8,7,4,0,4,0,0,0
2018114,30,11,1983,5,female,33,8,8,4,1,4,1,0,0
2160374,32,12,1981,3,female,476,8,2,4,1,4,1,0,0
1511307,35,17,1978,7,male,368,8,8,4,1,4,0,0,1
1952345,35,12,1978,10,male,415,8,3,4,1,4,1,0,0
1154659,50,23,1963,9,female,215,8,5,4,1,4,1,0,0
1268860,60,3,1953,5,female,197,8,7,4,1,4,1,0,0
1296003,108,8,1905,9,female,172,8,5,4,1,4,0,0,1
1817307,15,4,1998,9,male,447,8,7,4,3,4,3,0,0
1713613,22,6,1991,4,male,288,8,4,4,3,4,3,0,0
1193811,33,26,1980,3,male,162,8,7,4,3,4,3,0,0
1388325,22,25,1991,9,male,6,8,5,4,11,4,3,0,8
1404082,34,16,1979,5,male,62,8,4,4,13,4,11,0,2
1973657,36,28,1977,10,male,421,8,4,4,9,4,9,0,0
1412925,47,20,1966,6,male,272,8,8,4,12,4,10,0,2
1472167,32,4,1981,4,female,369,8,5,5,0,0,0,5,0
1735783,18,20,1995,3,male,69,8,5,5,1,0,0,5,1
1469267,51,20,1962,10,male,599,8,5,5,1,0,0,5,1
1205083,54,11,1959,11,female,255,8,7,5,1,0,0,5,1
1113641,26,22,1987,7,male,741,8,5,5,5,0,1,5,4
1942172,23,3,1990,3,female,281,8,6,5,15,0,8,5,7
1395619,61,28,1952,7,male,881,8,4,5,0,3,0,2,0
1508177,42,29,1971,12,male,101,8,6,5,4,4,1,1,3
1739944,53,26,1960,7,male,1157,8,4,5,6,4,6,1,0
2052212,16,30,1997,1,male,22,8,6,5,0,5,0,0,0
1676822,21,24,1992,10,male,35,8,7,5,0,5,0,0,0
1139127,38,4,1975,4,male,334,8,5,5,0,5,0,0,0
1269819,52,25,1961,1,male,209,8,4,5,0,5,0,0,0
1107418,25,8,1988,8,male,74,8,6,5,2,5,1,0,1
2105805,27,9,1986,5,male,132,8,4,5,1,5,1,0,0
1600670,39,4,1974,9,male,423,8,4,5,1,5,1,0,0
1102252,41,29,1972,2,male,996,8,2,5,1,5,1,0,0
2069706,45,7,1968,7,female,684,8,8,5,3,5,3,0,0
1932656,52,19,1961,7,male,162,8,3,5,1,5,1,0,0
2156931,24,23,1989,8,male,815,8,5,5,6,5,6,0,0
2086837,33,7,1980,12,male,1298,8,5,6,0,0,0,6,0
1015472,52,15,1961,12,male,181,8,2,6,0,0,0,6,0
1517914,34,28,1979,3,female,334,8,6,6,1,0,0,6,1
2081170,39,9,1974,6,male,216,8,3,6,3,0,2,6,1
2131746,53,15,1960,4,female,5,8,7,6,1,4,0,2,1
1619996,23,26,1990,12,male,95,8,6,6,4,3,0,3,4
1730692,36,10,1977,7,female,418,8,5,6,0,5,0,1,0
1896243,14,1,1999,1,male,91,8,7,6,0,6,0,0,0
1292721,23,1,1990,12,male,22,8,6,6,2,6,2,0,0
1756585,45,1,1968,5,male,37,8,6,6,3,6,3,0,0
1058583,68,16,1945,7,male,38,8,5,6,1,6,0,0,1
1568181,25,14,1988,2,female,1380,8,7,6,6,6,6,0,0
1840707,25,30,1988,10,female,7,8,6,6,7,6,5,0,2
1972742,47,24,1966,2,male,180,8,7,6,4,6,2,0,2
1106147,23,11,1990,2,female,6,8,4,6,12,6,12,0,0
1905752,30,20,1983,11,female,95,8,2,6,17,6,4,0,13
1556674,108,1,1905,1,female,838,8,4,6,85,6,22,0,63
1761289,18,12,1995,9,male,453,8,2,7,0,0,0,7,0
1734283,24,25,1989,7,male,248,8,5,7,1,0,0,7,1
1242286,46,1,1967,1,male,70,8,8,7,0,0,0,7,0
1814389,59,1,1954,1,female,1016,8,7,7,5,0,5,7,0
1581913,23,25,1990,4,female,49,8,8,7,6,5,3,2,3
1294464,35,6,1978,6,female,78,8,6,7,1,7,1,0,0
1291688,39,11,1974,10,male,309,8,3,7,1,7,0,0,1
1098821,35,10,1978,1,male,387,8,6,7,9,7,7,0,2
2178003,38,8,1975,9,male,792,8,7,7,11,7,6,0,5
1390784,24,23,1989,7,male,210,8,5,8,4,0,2,8,2
2150612,61,22,1952,5,female,13,8,5,8,0,5,0,3,0
1114691,22,1,1991,8,female,239,8,4,8,1,8,0,0,1
1651400,49,11,1964,6,male,46,8,7,8,0,8,0,0,0
2068052,69,17,1944,10,male,444,8,6,8,1,8,1,0,0
1605947,22,10,1991,2,female,323,8,6,8,2,8,2,0,0
1486483,28,1,1985,1,male,15,8,4,8,4,8,3,0,1
1129043,30,12,1983,8,male,98,8,8,8,2,8,1,0,1
1369575,39,9,1974,3,male,454,8,3,8,2,8,2,0,0
1228211,35,17,1978,4,male,79,8,7,8,8,8,4,0,4
1030733,39,18,1974,10,female,287,8,7,8,6,8,5,0,1
1848400,40,30,1973,1,female,110,8,4,8,9,8,3,0,6
1307600,45,21,1968,9,male,224,8,5,8,10,8,9,0,1
1209009,21,20,1992,2,male,382,8,6,9,0,9,0,0,0
1281919,22,14,1991,5,male,5,8,8,9,4,9,4,0,0
1279220,33,3,1980,12,male,286,8,8,9,2,9,2,0,0
1618448,44,12,1969,12,female,343,8,8,9,2,9,2,0,0
1388770,21,27,1992,5,male,88,8,2,9,16,9,14,0,2
1906566,29,2,1984,2,male,487,8,6,10,4,0,0,10,4
2110758,34,13,1979,3,male,316,8,1,10,0,7,0,3,0
1279868,43,16,1970,5,female,642,8,6,10,2,4,1,6,1
1805938,66,10,1947,7,male,242,8,6,10,0,10,0,0,0
1206545,92,18,1921,11,female,57,8,8,10,1,10,1,0,0
1391221,27,3,1986,3,male,237,8,5,10,4,10,3,0,1
1402767,48,27,1965,2,female,277,8,5,12,0,0,0,12,0
1458171,27,28,1986,2,female,332,8,3,12,1,12,1,0,0
1131733,38,3,1975,8,female,639,8,4,12,0,12,0,0,0
1566531,25,14,1988,1,male,228,8,8,12,5,12,4,0,1
2192849,28,18,1985,5,male,92,8,8,12,15,12,15,0,0
1353296,54,1,1959,4,male,45,8,8,12,16,12,5,0,11
2117065,38,5,1975,12,male,346,8,7,13,8,8,7,5,1
2189341,13,1,2000,1,male,27,8,8,13,5,13,5,0,0
1129909,58,27,1955,12,male,862,8,6,14,21,0,2,14,19
1820599,56,15,1957,2,female,523,8,3,14,1,14,0,0,1
1987408,31,27,1982,7,male,139,8,7,14,19,14,15,0,4
1426099,53,28,1960,1,female,54,8,5,14,12,14,11,0,1
1192912,29,18,1984,11,female,602,8,7,15,0,0,0,15,0
1841195,52,27,1961,8,female,1483,8,3,15,2,6,1,9,1
1053472,50,17,1963,7,male,68,8,8,15,8,11,2,4,6
2141792,27,11,1986,6,female,574,8,7,15,1,15,1,0,0
2099016,23,20,1990,3,male,450,8,6,15,9,15,9,0,0
1149858,56,30,1957,8,male,24,8,8,15,11,15,11,0,0
1486488,18,16,1995,8,male,28,8,5,16,19,15,6,1,13
1466349,33,16,1980,1,male,189,8,6,16,2,16,2,0,0
1433873,19,15,1994,6,male,416,8,5,16,19,16,10,0,9
1956100,37,9,1976,5,male,544,8,7,16,18,16,16,0,2
1093085,30,24,1983,7,male,106,8,8,17,0,17,0,0,0
1012313,25,15,1988,4,male,38,8,6,17,7,17,7,0,0
1212864,18,10,1995,7,male,91,8,3,17,23,17,23,0,0
1551596,64,17,1949,10,male,454,8,6,18,0,0,0,18,0
1409853,45,25,1968,4,male,302,8,4,18,29,2,8,16,21
1656710,34,28,1979,7,male,626,8,7,19,1,0,0,19,1
1099522,60,24,1953,12,female,569,8,7,19,1,0,0,19,1
1327520,69,12,1944,6,male,1198,8,4,19,52,0,24,19,28
1203348,32,1,1981,4,female,451,8,4,19,1,18,1,1,0
1416248,35,18,1978,4,male,335,8,6,19,0,19,0,0,0
1936867,35,25,1978,9,male,226,8,3,20,3,0,1,20,2
1908231,39,2,1974,1,male,79,8,7,20,12,0,7,20,5
2096697,58,1,1955,1,male,278,8,8,20,8,4,6,16,2
1656199,61,6,1952,5,female,548,8,6,20,10,9,5,11,5
1963096,48,24,1965,7,female,606,8,7,20,16,15,13,5,3
1077334,26,19,1987,7,male,33,8,8,22,1,22,1,0,0
1847534,19,5,1994,3,male,83,8,7,23,0,21,0,2,0
1289585,25,24,1988,12,male,38,8,7,23,24,23,22,0,2
1571269,23,29,1990,10,male,27,8,5,24,0,24,0,0,0
1674545,54,16,1959,9,female,311,8,7,24,0,24,0,0,0
2177305,24,20,1989,8,male,58,8,4,24,10,24,10,0,0
2079461,33,5,1980,5,male,168,8,5,25,6,24,5,1,1
1163712,21,8,1992,10,female,658,8,7,26,25,0,10,26,15
1002012,32,5,1981,5,male,113,8,8,26,0,26,0,0,0
1769467,53,24,1960,11,male,570,8,7,26,2,26,2,0,0
2149914,30,24,1983,9,female,219,8,4,27,4,27,2,0,2
1894350,25,1,1988,1,female,482,8,5,28,9,28,9,0,0
2079114,36,11,1977,5,female,213,8,7,28,6,28,6,0,0
1068306,26,1,1987,1,male,536,8,2,28,24,28,11,0,13
1235068,42,3,1971,2,female,198,8,4,29,1,0,0,29,1
1365942,46,1,1967,1,male,124,8,1,29,1,3,0,26,1
1743471,39,27,1974,10,female,63,8,8,29,15,29,13,0,2
2175510,19,5,1994,5,male,677,8,7,30,8,0,5,30,3
1096245,30,23,1983,2,male,85,8,7,31,8,0,0,31,8
1612609,23,7,1990,2,female,62,8,6,30,2,20,0,10,2
1205836,31,4,1982,4,male,756,8,6,31,1,23,0,8,1
1880153,16,13,1997,6,female,44,8,7,30,8,30,6,0,2
2134124,22,12,1991,12,male,291,8,2,32,12,0,1,32,11
1128622,37,7,1976,5,male,642,8,8,33,4,33,2,0,2
2108158,36,1,1977,1,female,308,8,5,33,6,33,5,0,1
1401168,57,17,1956,2,female,13,8,8,34,4,33,4,1,0
1944379,44,15,1969,8,male,321,8,6,34,9,34,7,0,2
1617466,32,24,1981,9,male,256,8,6,35,2,0,2,35,0
1541207,60,20,1953,12,male,685,8,6,35,0,0,0,35,0
1978246,51,25,1962,4,male,399,8,5,36,2,35,2,1,0
1623257,38,3,1975,5,male,121,8,7,35,3,35,1,0,2
1283009,31,2,1982,2,male,665,8,4,37,2,0,0,37,2
1275601,35,5,1978,11,female,742,8,7,37,4,37,4,0,0
1700223,25,17,1988,6,male,65,8,7,37,26,37,21,0,5
1273250,103,10,1910,10,male,445,8,7,40,0,14,0,26,0
1360841,48,10,1965,7,male,101,8,5,40,12,40,10,0,2
1604737,25,3,1988,2,male,11,8,5,42,11,41,2,1,9
1579762,21,6,1992,9,male,72,8,5,41,2,41,1,0,1
1536969,46,23,1967,7,female,322,8,6,44,20,0,3,44,17
1603022,29,1,1984,1,male,9,8,6,43,5,43,3,0,2
2182740,22,16,1991,12,male,456,8,8,46,5,46,4,0,1
1661111,25,11,1988,2,female,28,8,6,47,31,47,31,0,0
1684323,17,11,1996,1,male,110,8,8,49,39,0,0,49,39
1410103,32,5,1981,6,male,56,8,5,48,4,41,4,7,0
1227074,22,11,1991,1,female,166,8,8,49,14,49,13,0,1
1756645,51,24,1962,8,female,335,8,3,48,21,48,17,0,4
1723046,43,7,1970,4,female,171,8,7,50,2,50,2,0,0
1714404,64,2,1949,7,female,512,8,6,52,5,0,0,52,5
1187997,23,1,1990,1,male,388,8,7,55,2,0,0,55,2
1354681,38,5,1975,12,female,309,8,5,55,1,0,0,55,1
1680558,36,19,1977,10,male,150,8,8,58,0,58,0,0,0
1337684,29,8,1984,4,male,436,8,8,59,0,59,0,0,0
1749191,29,15,1984,1,female,453,8,5,63,40,52,5,11,35
1613293,23,17,1990,8,male,5,8,8,61,0,61,0,0,0
1461283,24,1,1989,1,female,108,8,6,61,10,61,9,0,1
2117195,80,27,1933,9,female,1226,8,6,66,2,0,0,66,2
1435158,70,8,1943,11,female,370,8,5,67,0,66,0,1,0
1784377,32,4,1981,10,male,8,8,7,71,48,67,42,4,6
1405030,20,26,1993,6,male,208,8,4,72,89,31,53,41,36
1365982,33,15,1980,4,male,320,8,7,75,16,0,9,75,7
1026563,40,21,1973,11,male,362,8,6,77,30,58,10,19,20
2095222,24,10,1989,1,male,107,8,6,77,18,77,10,0,8
2101059,35,1,1978,6,male,647,8,6,78,1,0,1,78,0
2156469,34,16,1979,8,female,23,8,6,83,32,80,16,3,16
1072943,37,27,1976,7,female,180,8,5,82,29,82,21,0,8
1232637,40,17,1973,1,female,226,8,6,87,20,0,0,87,20
1962687,25,1,1988,1,male,24,8,8,91,14,91,4,0,10
2033974,33,11,1980,9,female,94,8,7,91,6,91,6,0,0
1550410,19,28,1994,7,female,234,8,5,96,275,0,31,96,244
1904694,20,19,1993,4,female,210,8,6,97,28,97,26,0,2
1870440,48,14,1965,8,female,520,8,3,100,2,0,0,100,2
1964827,68,9,1945,12,male,751,8,5,101,17,0,0,101,17
1235162,81,29,1932,3,female,35,8,7,102,1,102,0,0,1
1418261,15,31,1998,1,female,33,8,3,108,37,108,36,0,1
1555593,35,25,1978,12,male,59,8,7,114,14,114,10,0,4
1319653,94,19,1919,5,male,336,8,6,131,12,0,10,131,2
1002736,43,10,1970,11,female,527,8,2,134,67,130,47,4,20
1855551,30,29,1983,6,male,514,8,4,137,5,0,5,137,0
1112163,15,18,1998,10,female,263,8,2,148,39,91,29,57,10
1300616,18,19,1995,8,female,167,8,2,146,40,146,38,0,2
1656738,36,19,1977,12,female,402,8,5,157,16,0,0,157,16
1974010,59,28,1954,4,female,306,8,4,152,38,0,0,152,38
1706143,51,16,1962,8,female,45,8,6,165,168,52,129,113,39
1266209,34,17,1979,5,male,504,8,7,166,4,149,2,17,2
1740781,17,18,1996,11,female,252,8,5,168,14,168,9,0,5
2005864,83,14,1930,4,female,534,8,8,172,0,172,0,0,0
1659747,23,20,1990,4,female,309,8,5,194,266,50,26,144,240
2123626,16,30,1997,9,female,364,8,8,216,11,215,3,1,8
1227734,41,6,1972,1,male,282,8,6,226,156,226,154,0,2
1546418,22,18,1991,2,female,369,8,4,238,50,0,4,238,46
1671093,32,31,1981,3,female,181,8,1,355,50,0,3,355,47
1807748,23,3,1990,8,female,433,8,7,469,0,469,0,0,0
2071367,19,6,1994,2,female,345,8,7,677,417,0,11,677,406
1093789,27,3,1986,11,female,423,8,4,718,251,683,151,35,100
1227106,28,12,1985,12,female,573,8,5,779,26,779,17,0,9
1478074,18,22,1995,4,female,71,8,7,799,1162,456,373,343,789
1473263,100,18,1913,12,female,529,8,4,913,7,913,6,0,1
1189437,37,24,1976,11,female,196,8,7,1235,2,1235,2,0,0
1300612,22,1,1991,5,male,260,8,7,1324,16,647,0,677,16
1285858,34,27,1979,2,female,49,8,7,7601,161,7601,106,0,55
1601133,14,13,1999,12,male,30,9,8,0,0,0,0,0,0
1238997,14,26,1999,12,male,26,10,6,0,0,0,0,0,0
1615510,13,11,2000,1,male,117,10,2,0,0,0,0,0,0
1277971,13,1,2000,1,female,235,9,7,0,0,0,0,0,0
1518072,13,17,2000,4,male,147,10,7,0,0,0,0,0,0
1187673,13,13,2000,6,male,81,10,6,0,0,0,0,0,0
1255949,13,9,2000,9,male,45,10,5,0,0,0,0,0,0
1028287,15,18,1998,12,male,338,9,6,0,0,0,0,0,0
1445554,14,26,1999,1,male,187,10,4,0,2,0,2,0,0
1414191,14,23,1999,1,male,6,9,8,0,0,0,0,0,0
1195856,14,17,1999,3,male,363,10,5,0,0,0,0,0,0
1474229,14,21,1999,5,male,9,10,10,0,0,0,0,0,0
1437611,14,5,1999,6,male,508,10,7,0,0,0,0,0,0
1842738,14,4,1999,6,female,293,9,9,0,20,0,0,0,20
2155344,14,27,1999,8,male,20,10,10,0,0,0,0,0,0
1452972,16,3,1997,11,male,337,9,5,0,0,0,0,0,0
1758453,16,20,1997,11,male,381,9,2,0,0,0,0,0,0
1511748,16,17,1997,11,male,274,9,3,0,2,0,2,0,0
2101247,16,21,1997,11,male,14,10,8,0,1,0,0,0,1
2088782,15,21,1998,1,male,384,9,3,0,0,0,0,0,0
1860744,15,1,1998,1,male,45,9,6,0,0,0,0,0,0
1412005,15,6,1998,3,female,222,9,4,0,6,0,6,0,0
1905129,15,4,1998,3,male,6,9,5,0,0,0,0,0,0
2020413,15,22,1998,4,male,314,9,5,0,0,0,0,0,0
2176690,15,4,1998,4,male,255,9,7,0,0,0,0,0,0
1478425,15,10,1998,7,male,98,10,9,0,0,0,0,0,0
1848799,15,31,1998,8,male,4,10,8,0,0,0,0,0,0
1557873,17,10,1996,11,female,881,9,4,0,0,0,0,0,0
1831081,17,2,1996,11,male,75,10,9,0,0,0,0,0,0
1366680,16,1,1997,1,male,17,10,9,0,0,0,0,0,0
1730748,16,1,1997,1,male,9,10,10,0,0,0,0,0,0
1212681,16,26,1997,2,female,83,9,1,0,1,0,0,0,1
1052936,16,2,1997,2,male,8,9,9,0,0,0,0,0,0
1681969,16,17,1997,3,male,1151,9,4,0,1,0,1,0,0
1821328,16,15,1997,3,male,259,9,5,0,1,0,0,0,1
2046896,16,4,1997,3,male,201,9,2,0,0,0,0,0,0
1843798,16,19,1997,4,female,241,10,6,0,0,0,0,0,0
1451595,16,5,1997,4,male,12,9,6,0,0,0,0,0,0
1949930,16,26,1997,6,male,152,9,7,0,0,0,0,0,0
1653302,16,27,1997,7,male,114,10,9,0,0,0,0,0,0
1361620,16,25,1997,7,male,65,10,9,0,0,0,0,0,0
1478807,16,10,1997,8,male,798,9,7,0,0,0,0,0,0
1282257,16,20,1997,8,male,164,10,6,0,0,0,0,0,0
1557836,16,4,1997,10,male,220,9,3,0,0,0,0,0,0
1553229,16,19,1997,10,male,119,10,4,0,0,0,0,0,0
2007020,18,19,1995,12,male,23,10,1,0,0,0,0,0,0
2089794,17,1,1996,1,male,8,10,8,0,0,0,0,0,0
1116583,17,31,1996,3,male,36,10,5,0,0,0,0,0,0
1019497,17,19,1996,5,male,248,10,2,0,0,0,0,0,0
1029307,17,26,1996,7,female,962,10,7,0,0,0,0,0,0
1491886,17,14,1996,8,male,299,10,10,0,1,0,1,0,0
1485686,17,27,1996,9,male,484,10,0,0,2,0,2,0,0
1511865,17,7,1996,9,female,309,10,4,0,0,0,0,0,0
1161931,17,28,1996,10,male,258,10,7,0,0,0,0,0,0
1105005,19,18,1994,11,female,415,9,4,0,0,0,0,0,0
1014196,19,19,1994,12,male,208,10,2,0,0,0,0,0,0
2176739,18,20,1995,1,male,92,9,7,0,0,0,0,0,0
1572603,18,1,1995,1,male,239,9,5,0,0,0,0,0,0
1525387,18,17,1995,2,male,193,10,3,0,0,0,0,0,0
1780789,18,10,1995,2,male,42,9,9,0,3,0,1,0,2
1528169,18,1,1995,2,male,46,10,4,0,1,0,0,0,1
1064345,18,30,1995,3,male,706,9,5,0,0,0,0,0,0
1640982,18,5,1995,3,male,514,9,4,0,0,0,0,0,0
1515653,18,9,1995,3,male,299,9,6,0,1,0,1,0,0
1364350,18,2,1995,3,male,160,10,7,0,0,0,0,0,0
1691956,18,30,1995,3,male,88,9,6,0,0,0,0,0,0
1005843,18,18,1995,3,male,17,9,6,0,0,0,0,0,0
1902496,18,30,1995,4,male,197,9,5,0,0,0,0,0,0
1799971,18,2,1995,4,female,18,10,10,0,0,0,0,0,0
1338523,18,18,1995,5,male,220,10,5,0,0,0,0,0,0
1142923,18,9,1995,5,male,117,10,8,0,1,0,1,0,0
1381134,18,15,1995,5,male,33,10,8,0,0,0,0,0,0
1343654,18,1,1995,6,male,22,9,9,0,2,0,1,0,1
1451797,18,21,1995,7,male,608,10,4,0,6,0,4,0,2
1453717,18,19,1995,7,male,370,10,5,0,0,0,0,0,0
1557898,18,15,1995,7,male,244,10,10,0,0,0,0,0,0
1635511,18,5,1995,7,male,97,9,8,0,0,0,0,0,0
1104789,18,18,1995,8,male,144,9,8,0,0,0,0,0,0
2006418,18,8,1995,8,male,67,10,7,0,0,0,0,0,0
1550922,18,27,1995,9,male,888,9,2,0,0,0,0,0,0
1389699,18,10,1995,9,male,632,10,8,0,0,0,0,0,0
1459489,18,21,1995,9,female,118,9,9,0,0,0,0,0,0
2181415,18,6,1995,10,male,294,10,10,0,0,0,0,0,0
1426247,18,12,1995,10,male,3,10,4,0,5,0,5,0,0
2004379,20,31,1993,12,male,868,10,9,0,4,0,2,0,2
2066205,20,29,1993,12,male,558,9,3,0,1,0,0,0,1
1925046,20,10,1993,12,male,267,10,5,0,1,0,0,0,1
1661366,20,7,1993,12,male,148,9,5,0,0,0,0,0,0
1314593,20,8,1993,12,male,116,9,6,0,0,0,0,0,0
1477892,19,1,1994,1,female,232,10,6,0,0,0,0,0,0
1412840,19,1,1994,1,male,67,10,10,0,0,0,0,0,0
1459496,19,1,1994,3,male,318,10,6,0,0,0,0,0,0
1093255,19,1,1994,3,male,88,9,3,0,0,0,0,0,0
2034800,19,10,1994,4,male,153,10,10,0,0,0,0,0,0
1246047,19,4,1994,5,male,309,9,7,0,0,0,0,0,0
1154851,19,5,1994,5,male,75,10,9,0,1,0,0,0,1
1506965,19,25,1994,5,male,46,10,2,0,0,0,0,0,0
1520038,19,6,1994,6,male,86,9,8,0,0,0,0,0,0
1109426,19,24,1994,7,male,321,9,2,0,0,0,0,0,0
1417785,19,27,1994,7,male,82,10,10,0,0,0,0,0,0
1104825,19,5,1994,8,female,329,10,8,0,0,0,0,0,0
1678346,19,18,1994,9,male,331,10,8,0,0,0,0,0,0
1023244,19,4,1994,9,male,20,9,7,0,0,0,0,0,0
1817508,19,29,1994,9,male,14,9,4,0,0,0,0,0,0
1905143,19,12,1994,10,male,475,10,7,0,0,0,0,0,0
1100129,19,4,1994,10,male,127,10,10,0,0,0,0,0,0
1080947,19,10,1994,10,male,33,10,8,0,0,0,0,0,0
1780846,21,12,1992,11,male,307,10,5,0,0,0,0,0,0
1125342,21,7,1992,12,female,985,9,6,0,0,0,0,0,0
1873967,21,20,1992,12,male,291,9,5,0,1,0,1,0,0
1947927,20,2,1993,1,male,416,9,9,0,0,0,0,0,0
1568681,20,1,1993,1,male,23,10,8,0,0,0,0,0,0
1166763,20,14,1993,2,male,16,9,9,0,0,0,0,0,0
1745690,20,3,1993,3,male,332,9,8,0,0,0,0,0,0
1408937,20,18,1993,4,male,404,10,3,0,0,0,0,0,0
2065219,20,23,1993,7,male,104,10,7,0,0,0,0,0,0
1402156,20,14,1993,10,female,526,10,0,0,0,0,0,0,0
1869977,20,21,1993,10,female,494,10,6,0,0,0,0,0,0
2021399,20,25,1993,10,female,243,9,4,0,0,0,0,0,0
1760260,20,28,1993,10,male,82,10,8,0,1,0,0,0,1
2088950,22,12,1991,12,female,141,10,8,0,2,0,1,0,1
2090907,22,30,1991,12,male,104,10,7,0,2,0,0,0,2
1278045,21,12,1992,1,male,644,9,8,0,0,0,0,0,0
1685996,21,23,1992,1,male,381,10,8,0,0,0,0,0,0
1738304,21,29,1992,2,male,545,10,6,0,0,0,0,0,0
1850500,21,3,1992,3,female,670,9,9,0,2,0,2,0,0
1706124,21,22,1992,3,male,668,9,5,0,2,0,2,0,0
1406568,21,8,1992,3,male,13,9,5,0,0,0,0,0,0
1952736,21,1,1992,4,male,532,10,2,0,1,0,0,0,1
1401884,21,8,1992,6,female,520,10,5,0,0,0,0,0,0
1653696,21,23,1992,6,male,312,10,4,0,1,0,0,0,1
1926072,21,12,1992,6,male,91,9,9,0,1,0,1,0,0
1854722,21,6,1992,7,female,545,9,0,0,0,0,0,0,0
1981790,21,8,1992,7,male,561,10,8,0,0,0,0,0,0
1012160,21,29,1992,7,male,421,9,6,0,0,0,0,0,0
2095339,21,22,1992,7,male,330,10,2,0,0,0,0,0,0
1877033,21,26,1992,8,male,211,10,7,0,0,0,0,0,0
2017864,21,1,1992,8,male,715,9,6,0,2,0,2,0,0
2046878,21,1,1992,8,female,360,10,3,0,0,0,0,0,0
1681095,21,10,1992,10,male,139,10,2,0,0,0,0,0,0
1742885,21,1,1992,11,male,583,9,3,0,0,0,0,0,0
2073708,21,1,1992,11,male,64,9,5,0,0,0,0,0,0
1359274,23,28,1990,11,female,413,9,6,0,0,0,0,0,0
1732874,23,11,1990,11,female,213,9,8,0,0,0,0,0,0
1412835,23,19,1990,12,male,172,9,1,0,0,0,0,0,0
1595572,23,15,1990,12,female,9,10,10,0,0,0,0,0,0
2025054,22,1,1991,1,female,599,10,7,0,1,0,0,0,1
1061703,22,1,1991,1,male,221,9,8,0,0,0,0,0,0
1234802,22,1,1991,1,male,152,10,6,0,0,0,0,0,0
2003961,22,1,1991,1,male,120,9,9,0,0,0,0,0,0
1209024,22,1,1991,1,male,115,9,4,0,2,0,0,0,2
1174242,22,11,1991,2,male,260,9,8,0,0,0,0,0,0
2076979,22,10,1991,2,male,231,9,8,0,1,0,1,0,0
1915402,22,4,1991,2,male,134,10,9,0,0,0,0,0,0
1663173,22,1,1991,2,male,681,10,1,0,5,0,5,0,0
1624684,22,26,1991,3,female,412,9,2,0,0,0,0,0,0
1086647,22,3,1991,3,male,99,10,6,0,0,0,0,0,0
1535137,22,3,1991,6,male,239,10,3,0,0,0,0,0,0
1065622,22,1,1991,6,male,42,10,10,0,0,0,0,0,0
1791531,22,15,1991,7,male,116,10,6,0,0,0,0,0,0
1519754,22,28,1991,8,male,511,10,3,0,0,0,0,0,0
1042239,22,6,1991,8,male,232,9,3,0,0,0,0,0,0
1520635,22,11,1991,8,male,143,10,6,0,2,0,1,0,1
1902250,22,19,1991,9,male,117,10,0,0,0,0,0,0,0
2159781,22,14,1991,9,female,25,10,10,0,1,0,1,0,0
1327885,24,4,1989,11,male,772,9,3,0,0,0,0,0,0
1545590,24,19,1989,11,male,424,10,9,0,0,0,0,0,0
1948426,24,4,1989,11,male,18,9,8,0,0,0,0,0,0
1437434,24,31,1989,12,male,344,10,6,0,4,0,3,0,1
1090351,23,17,1990,1,female,667,9,5,0,0,0,0,0,0
1834607,23,2,1990,1,female,352,10,10,0,0,0,0,0,0
1804453,23,3,1990,1,male,60,10,10,0,1,0,0,0,1
1631865,23,1,1990,1,male,489,9,8,0,0,0,0,0,0
1219013,23,1,1990,1,male,47,10,9,0,0,0,0,0,0
1403533,23,2,1990,2,male,500,10,7,0,0,0,0,0,0
2162052,23,14,1990,2,female,420,10,8,0,0,0,0,0,0
2122727,23,22,1990,2,male,318,9,7,0,1,0,0,0,1
1812477,23,26,1990,2,male,241,9,7,0,0,0,0,0,0
1429236,23,28,1990,2,male,76,9,7,0,0,0,0,0,0
1254320,23,1,1990,2,male,140,9,4,0,0,0,0,0,0
1746676,23,16,1990,4,female,205,10,10,0,0,0,0,0,0
2046711,23,3,1990,4,male,154,10,7,0,0,0,0,0,0
1972449,23,26,1990,4,female,97,9,8,0,0,0,0,0,0
1821546,23,16,1990,5,male,536,9,6,0,0,0,0,0,0
2095849,23,22,1990,5,male,419,10,4,0,1,0,1,0,0
1907472,23,3,1990,5,male,175,9,4,0,0,0,0,0,0
1229440,23,2,1990,5,male,128,9,8,0,0,0,0,0,0
1010120,23,13,1990,6,male,627,9,6,0,0,0,0,0,0
1309715,23,11,1990,6,female,294,10,0,0,0,0,0,0,0
1312586,23,18,1990,7,male,448,10,5,0,0,0,0,0,0
2122103,23,10,1990,8,male,403,9,1,0,0,0,0,0,0
1866048,23,11,1990,9,male,132,10,10,0,10,0,5,0,5
1270680,23,19,1990,10,female,562,10,7,0,3,0,1,0,2
1148466,24,4,1989,1,male,705,10,8,0,0,0,0,0,0
1498345,24,12,1989,1,male,97,10,9,0,0,0,0,0,0
1157611,24,14,1989,2,male,233,10,7,0,0,0,0,0,0
1831913,24,2,1989,3,male,322,10,10,0,0,0,0,0,0
1089223,24,25,1989,4,female,398,9,6,0,2,0,0,0,2
1120439,24,24,1989,4,female,263,10,9,0,0,0,0,0,0
1319376,24,17,1989,5,male,408,9,4,0,1,0,0,0,1
1001935,24,21,1989,5,male,286,9,0,0,0,0,0,0,0
2011362,24,1,1989,6,male,490,9,7,0,0,0,0,0,0
1048409,24,30,1989,7,male,967,10,8,0,1,0,1,0,0
1715003,24,15,1989,10,male,50,9,6,0,0,0,0,0,0
1381177,26,16,1987,12,male,292,10,8,0,0,0,0,0,0
1211032,26,24,1987,12,male,65,10,9,0,0,0,0,0,0
2169278,25,30,1988,1,male,497,9,4,0,0,0,0,0,0
1233155,25,2,1988,1,male,189,10,6,0,0,0,0,0,0
1097710,25,5,1988,1,male,173,9,8,0,0,0,0,0,0
2087827,25,10,1988,1,male,35,10,5,0,0,0,0,0,0
1106266,25,1,1988,1,female,255,9,7,0,0,0,0,0,0
1659197,25,1,1988,1,female,248,9,6,0,0,0,0,0,0
1970134,25,1,1988,1,male,174,9,5,0,0,0,0,0,0
1122412,25,1,1988,1,female,174,9,6,0,0,0,0,0,0
1455688,25,1,1988,1,female,172,10,5,0,0,0,0,0,0
1674254,25,1,1988,1,female,144,10,6,0,0,0,0,0,0
1415738,25,1,1988,1,male,120,10,10,0,1,0,1,0,0
1741100,25,1,1988,1,male,41,10,8,0,0,0,0,0,0
1142604,25,1,1988,1,male,26,9,9,0,0,0,0,0,0
1576114,25,20,1988,2,female,397,9,9,0,3,0,1,0,2
1511975,25,20,1988,3,female,20,10,10,0,7,0,7,0,0
1774494,25,28,1988,3,female,6,9,9,0,0,0,0,0,0
1542791,25,13,1988,5,male,399,9,3,0,0,0,0,0,0
2099650,25,17,1988,5,female,177,9,1,0,0,0,0,0,0
1749589,25,1,1988,5,female,268,10,10,0,18,0,11,0,7
1321878,25,1,1988,5,male,62,9,7,0,0,0,0,0,0
1888028,25,30,1988,6,male,105,10,9,0,0,0,0,0,0
1531667,25,26,1988,7,male,951,9,6,0,0,0,0,0,0
1784878,25,25,1988,7,male,467,9,6,0,7,0,6,0,1
2065057,25,30,1988,7,male,369,10,2,0,0,0,0,0,0
1012410,25,7,1988,7,female,176,10,7,0,0,0,0,0,0
1324202,25,7,1988,7,male,35,9,5,0,0,0,0,0,0
1101233,25,8,1988,7,male,7,10,10,0,0,0,0,0,0
1783156,25,11,1988,9,male,328,9,3,0,0,0,0,0,0
1242000,25,25,1988,10,male,34,9,0,0,0,0,0,0,0
1482167,27,2,1986,11,female,195,10,1,0,0,0,0,0,0
1977523,27,12,1986,12,male,535,9,4,0,0,0,0,0,0
1009669,26,8,1987,1,female,411,9,6,0,11,0,2,0,9
1973024,26,5,1987,1,female,297,9,5,0,0,0,0,0,0
1386373,26,18,1987,1,male,274,9,4,0,0,0,0,0,0
1686019,26,3,1987,1,male,255,10,8,0,1,0,0,0,1
1249944,26,24,1987,1,male,95,10,10,0,3,0,3,0,0
1771691,26,1,1987,1,male,348,10,10,0,0,0,0,0,0
1510198,26,1,1987,1,female,273,10,10,0,0,0,0,0,0
1949979,26,1,1987,1,female,12,9,4,0,0,0,0,0,0
1617741,26,10,1987,2,male,751,10,8,0,0,0,0,0,0
2008489,26,11,1987,2,female,238,9,4,0,0,0,0,0,0
1343292,26,13,1987,3,female,108,10,7,0,0,0,0,0,0
1849657,26,23,1987,4,female,597,10,4,0,0,0,0,0,0
1929484,26,12,1987,4,male,423,9,9,0,0,0,0,0,0
1277769,26,20,1987,4,male,7,9,9,0,0,0,0,0,0
1782820,26,9,1987,5,male,391,10,1,0,0,0,0,0,0
1041081,26,14,1987,6,female,497,10,4,0,0,0,0,0,0
1762320,26,7,1987,8,male,212,9,8,0,0,0,0,0,0
1024408,28,15,1985,11,male,465,10,4,0,0,0,0,0,0
1529686,28,25,1985,11,female,168,9,9,0,0,0,0,0,0
1881113,28,31,1985,12,male,169,9,8,0,0,0,0,0,0
1132922,27,19,1986,1,female,436,9,8,0,0,0,0,0,0
1547596,27,12,1986,2,female,816,9,8,0,0,0,0,0,0
2096960,27,21,1986,2,male,555,9,5,0,0,0,0,0,0
1483891,27,23,1986,3,male,181,9,4,0,2,0,0,0,2
1263108,27,27,1986,4,male,211,10,4,0,0,0,0,0,0
1069066,27,26,1986,6,male,43,9,9,0,0,0,0,0,0
1517544,27,8,1986,7,female,189,9,6,0,0,0,0,0,0
1093999,27,5,1986,7,female,124,9,4,0,5,0,2,0,3
1469277,27,5,1986,8,male,726,10,5,0,0,0,0,0,0
1295731,27,21,1986,8,male,292,9,8,0,0,0,0,0,0
1916286,27,19,1986,9,female,467,10,7,0,0,0,0,0,0
1714376,27,15,1986,9,female,479,9,6,0,1,0,1,0,0
1689614,27,14,1986,9,male,362,10,5,0,0,0,0,0,0
2152198,29,24,1984,11,female,651,9,6,0,0,0,0,0,0
1689626,29,28,1984,11,male,675,9,4,0,5,0,5,0,0
1884200,29,25,1984,12,female,753,10,10,0,0,0,0,0,0
1756788,28,19,1985,1,female,861,10,5,0,0,0,0,0,0
1642141,28,2,1985,1,female,600,9,8,0,0,0,0,0,0
1163847,28,21,1985,1,male,443,10,1,0,0,0,0,0,0
1953757,28,17,1985,1,male,163,9,4,0,0,0,0,0,0
1650571,28,15,1985,1,female,151,9,6,0,0,0,0,0,0
1123399,28,1,1985,1,male,1162,10,6,0,1,0,1,0,0
1538580,28,1,1985,1,male,663,9,9,0,0,0,0,0,0
1501046,28,1,1985,1,male,445,10,10,0,0,0,0,0,0
1820307,28,1,1985,1,female,297,10,6,0,0,0,0,0,0
1526301,28,1,1985,1,female,181,9,6,0,0,0,0,0,0
1487925,28,1,1985,1,female,87,9,1,0,0,0,0,0,0
1939238,28,8,1985,3,male,132,10,8,0,0,0,0,0,0
2184336,28,4,1985,4,male,159,9,6,0,0,0,0,0,0
1205840,28,8,1985,5,male,205,10,6,0,0,0,0,0,0
1910264,28,23,1985,5,male,146,10,5,0,0,0,0,0,0
1628613,28,5,1985,5,female,38,10,10,0,0,0,0,0,0
1085145,28,23,1985,5,male,34,9,5,0,0,0,0,0,0
1524301,28,16,1985,5,male,8,9,3,0,0,0,0,0,0
1779888,28,5,1985,6,male,313,10,2,0,0,0,0,0,0
1174503,28,21,1985,6,male,279,9,7,0,0,0,0,0,0
1158926,28,1,1985,6,female,324,10,8,0,0,0,0,0,0
1168493,28,17,1985,7,female,210,9,8,0,1,0,1,0,0
1959894,28,27,1985,8,male,156,10,10,0,0,0,0,0,0
1313193,28,16,1985,9,female,607,10,6,0,0,0,0,0,0
1348745,30,15,1983,11,male,351,9,7,0,0,0,0,0,0
1049595,30,1,1983,12,female,319,9,5,0,0,0,0,0,0
1281048,29,5,1984,1,male,279,10,8,0,0,0,0,0,0
2074582,29,16,1984,1,female,152,9,3,0,0,0,0,0,0
1218769,29,24,1984,4,female,296,10,2,0,0,0,0,0,0
1793508,29,11,1984,4,male,141,9,5,0,0,0,0,0,0
1268078,29,12,1984,5,female,445,9,7,0,0,0,0,0,0
1820463,29,18,1984,5,male,44,10,9,0,0,0,0,0,0
1871879,29,23,1984,6,female,803,9,3,0,0,0,0,0,0
1059234,29,29,1984,6,male,203,9,0,0,0,0,0,0,0
1325538,29,13,1984,6,male,62,10,9,0,0,0,0,0,0
1674789,29,24,1984,7,male,106,10,10,0,0,0,0,0,0
1538500,29,24,1984,8,male,510,10,7,0,0,0,0,0,0
1236854,29,10,1984,8,male,237,9,4,0,2,0,2,0,0
1134604,29,19,1984,9,male,803,9,8,0,0,0,0,0,0
1677981,29,7,1984,9,female,582,10,6,0,0,0,0,0,0
2027440,29,16,1984,10,male,340,10,5,0,3,0,0,0,3
1136159,29,18,1984,10,female,323,10,10,0,5,0,1,0,4
1938521,31,22,1982,11,male,516,9,1,0,0,0,0,0,0
1153780,31,5,1982,12,male,36,9,6,0,1,0,1,0,0
2096082,30,3,1983,1,male,653,9,6,0,0,0,0,0,0
2040470,30,1,1983,1,male,204,10,1,0,0,0,0,0,0
1020749,30,14,1983,2,male,303,10,9,0,0,0,0,0,0
1283418,30,23,1983,2,male,42,10,4,0,0,0,0,0,0
1770158,30,6,1983,3,male,940,9,3,0,2,0,0,0,2
1718937,30,3,1983,3,female,283,9,1,0,0,0,0,0,0
2092687,30,23,1983,3,male,27,9,9,0,0,0,0,0,0
1818486,30,25,1983,4,male,543,9,4,0,0,0,0,0,0
1220782,30,20,1983,5,male,81,10,9,0,0,0,0,0,0
2111519,30,28,1983,6,male,704,9,4,0,0,0,0,0,0
2006863,30,22,1983,6,female,407,10,7,0,0,0,0,0,0
1241572,30,24,1983,6,female,255,10,10,0,0,0,0,0,0
2165449,30,14,1983,7,male,8,9,8,0,0,0,0,0,0
1704659,30,3,1983,10,male,155,9,9,0,0,0,0,0,0
1383931,32,15,1981,11,male,678,10,7,0,0,0,0,0,0
1273673,32,17,1981,12,male,387,9,5,0,0,0,0,0,0
1430478,32,22,1981,12,female,450,10,3,0,0,0,0,0,0
1415322,32,21,1981,12,female,227,9,4,0,0,0,0,0,0
1907944,32,13,1981,12,male,14,10,10,0,0,0,0,0,0
1634457,32,8,1981,12,male,6,9,5,0,0,0,0,0,0
1962391,31,20,1982,1,male,544,10,1,0,0,0,0,0,0
1349033,31,27,1982,1,male,234,9,3,0,0,0,0,0,0
1549139,31,6,1982,1,male,50,10,9,0,0,0,0,0,0
1782114,31,13,1982,2,male,1003,9,7,0,0,0,0,0,0
1867026,31,17,1982,3,male,32,9,8,0,0,0,0,0,0
1512360,31,8,1982,5,male,413,9,8,0,0,0,0,0,0
1262377,31,14,1982,6,male,312,9,3,0,0,0,0,0,0
1871037,31,20,1982,7,female,380,10,0,0,0,0,0,0,0
1963187,33,8,1980,12,male,250,9,6,0,0,0,0,0,0
1824319,32,1,1981,1,male,216,9,6,0,0,0,0,0,0
1391423,32,1,1981,2,male,406,10,7,0,3,0,2,0,1
1079946,32,22,1981,3,female,413,10,7,0,0,0,0,0,0
1295124,32,27,1981,4,male,226,9,3,0,0,0,0,0,0
2021662,32,21,1981,7,male,170,9,9,0,3,0,3,0,0
1414670,32,18,1981,7,female,107,9,5,0,0,0,0,0,0
1274248,32,14,1981,9,male,800,9,7,0,0,0,0,0,0
1662772,33,1,1980,1,male,347,9,5,0,0,0,0,0,0
1737292,33,1,1980,1,female,204,9,6,0,0,0,0,0,0
1029100,33,1,1980,1,male,68,10,7,0,0,0,0,0,0
1345354,33,3,1980,2,male,441,10,10,0,0,0,0,0,0
1174882,33,22,1980,2,male,270,9,6,0,1,0,0,0,1
1743655,33,15,1980,3,male,470,9,5,0,3,0,1,0,2
1498537,33,26,1980,3,female,309,9,6,0,0,0,0,0,0
1115984,33,26,1980,5,male,208,9,9,0,0,0,0,0,0
1904414,33,30,1980,5,female,159,10,6,0,0,0,0,0,0
1805792,33,25,1980,6,male,409,9,5,0,0,0,0,0,0
1340186,33,22,1980,7,male,17,9,7,0,0,0,0,0,0
1506916,33,20,1980,10,male,443,10,10,0,0,0,0,0,0
1480318,33,11,1980,10,female,372,10,10,0,0,0,0,0,0
1171472,35,2,1978,11,male,101,10,1,0,0,0,0,0,0
1993431,35,9,1978,12,male,307,10,9,0,0,0,0,0,0
1985856,35,13,1978,12,male,73,9,8,0,0,0,0,0,0
1764854,34,17,1979,1,female,591,9,9,0,0,0,0,0,0
1328266,34,2,1979,1,male,314,10,8,0,0,0,0,0,0
2150789,34,11,1979,1,female,8,10,9,0,0,0,0,0,0
1364495,34,8,1979,2,male,390,9,9,0,0,0,0,0,0
1608111,34,26,1979,4,female,381,9,2,0,0,0,0,0,0
2055639,34,29,1979,4,male,281,10,7,0,0,0,0,0,0
1828566,34,24,1979,5,male,956,9,0,0,0,0,0,0,0
1240892,34,3,1979,5,male,493,10,9,0,0,0,0,0,0
1256238,34,16,1979,5,male,180,10,10,0,0,0,0,0,0
2084656,34,1,1979,5,male,206,10,6,0,1,0,1,0,0
1611250,34,3,1979,6,female,408,9,9,0,0,0,0,0,0
1196998,34,14,1979,9,male,340,10,6,0,0,0,0,0,0
1971610,34,8,1979,10,female,268,9,5,0,0,0,0,0,0
1431673,34,3,1979,10,male,195,10,6,0,2,0,0,0,2
1006906,34,12,1979,10,male,124,9,7,0,0,0,0,0,0
1907916,36,27,1977,11,male,60,9,6,0,0,0,0,0,0
1492885,36,5,1977,12,male,1660,9,2,0,0,0,0,0,0
1149872,36,31,1977,12,male,271,9,3,0,0,0,0,0,0
1409360,36,23,1977,12,male,36,9,8,0,0,0,0,0,0
1530695,36,1,1977,12,male,245,10,8,0,0,0,0,0,0
1322740,35,10,1978,1,male,273,10,10,0,0,0,0,0,0
1427876,35,17,1978,3,male,204,9,1,0,0,0,0,0,0
1002574,35,28,1978,3,male,19,10,8,0,0,0,0,0,0
1656409,35,28,1978,4,male,21,10,10,0,0,0,0,0,0
1631657,35,21,1978,7,male,114,10,3,0,1,0,1,0,0
1711015,35,14,1978,8,female,355,10,6,0,0,0,0,0,0
1350272,35,23,1978,8,male,151,10,10,0,0,0,0,0,0
1191948,35,18,1978,10,male,262,9,6,0,0,0,0,0,0
1786503,35,29,1978,10,male,57,9,7,0,6,0,0,0,6
2121782,37,9,1976,11,male,718,10,1,0,0,0,0,0,0
2189279,36,1,1977,1,male,266,9,6,0,18,0,7,0,11
1359779,36,12,1977,4,male,566,10,8,0,0,0,0,0,0
1391124,36,1,1977,4,male,538,9,7,0,0,0,0,0,0
1280916,36,2,1977,5,male,789,10,5,0,1,0,0,0,1
1660162,36,11,1977,7,male,80,10,4,0,0,0,0,0,0
1628032,36,29,1977,8,female,647,10,5,0,0,0,0,0,0
1231201,36,10,1977,8,male,338,9,5,0,0,0,0,0,0
1099870,36,15,1977,8,male,58,9,9,0,0,0,0,0,0
1900582,36,20,1977,10,female,306,9,7,0,0,0,0,0,0
1319084,38,11,1975,12,male,150,9,2,0,0,0,0,0,0
2069631,37,21,1976,1,female,537,9,3,0,0,0,0,0,0
1652581,37,16,1976,2,male,243,10,3,0,3,0,3,0,0
1761741,37,20,1976,3,female,317,9,2,0,1,0,1,0,0
1153943,37,6,1976,4,male,468,9,9,0,0,0,0,0,0
1374194,37,1,1976,4,female,329,9,8,0,1,0,0,0,1
1966071,37,10,1976,6,female,1099,10,1,0,0,0,0,0,0
1653411,37,25,1976,9,male,843,10,8,0,0,0,0,0,0
1379639,37,5,1976,10,male,351,9,6,0,0,0,0,0,0
1499965,38,2,1975,2,female,335,9,8,0,4,0,4,0,0
1181794,38,23,1975,3,male,353,9,3,0,0,0,0,0,0
1852443,38,7,1975,3,female,41,10,7,0,0,0,0,0,0
1368703,38,23,1975,5,male,432,10,8,0,0,0,0,0,0
1926236,38,10,1975,6,male,226,9,7,0,0,0,0,0,0
1367015,38,13,1975,8,male,612,9,5,0,0,0,0,0,0
1909021,40,6,1973,12,female,336,9,8,0,0,0,0,0,0
1147677,39,21,1974,1,female,1409,10,4,0,0,0,0,0,0
1433043,39,31,1974,1,female,170,9,7,0,1,0,0,0,1
1540572,39,1,1974,1,female,138,9,4,0,0,0,0,0,0
2109372,39,3,1974,2,male,198,9,4,0,0,0,0,0,0
1002431,39,19,1974,3,male,608,10,4,0,0,0,0,0,0
1999397,39,27,1974,5,male,325,9,8,0,0,0,0,0,0
1238798,39,23,1974,6,female,810,10,8,0,0,0,0,0,0
2162998,39,18,1974,8,male,117,9,8,0,0,0,0,0,0
1483024,39,26,1974,9,female,293,9,6,0,0,0,0,0,0
1834272,41,24,1972,11,male,251,10,3,0,2,0,0,0,2
1430718,41,20,1972,11,male,162,9,7,0,0,0,0,0,0
1043989,40,22,1973,1,male,1064,10,4,0,0,0,0,0,0
1565652,40,12,1973,2,male,282,9,8,0,0,0,0,0,0
1966951,40,12,1973,4,male,107,9,5,0,0,0,0,0,0
1520048,40,1,1973,11,female,159,10,8,0,1,0,1,0,0
1380895,41,1,1972,1,male,32,9,7,0,0,0,0,0,0
1992736,41,18,1972,3,male,290,9,7,0,0,0,0,0,0
1340994,41,5,1972,5,male,14,10,7,0,0,0,0,0,0
2087770,41,16,1972,6,female,364,9,1,0,0,0,0,0,0
1542048,41,24,1972,9,male,83,9,9,0,0,0,0,0,0
1471142,41,7,1972,10,male,341,9,4,0,0,0,0,0,0
1380999,43,18,1970,12,male,533,9,5,0,0,0,0,0,0
1209574,42,21,1971,2,male,439,10,7,0,0,0,0,0,0
2105977,42,1,1971,6,male,635,9,5,0,0,0,0,0,0
1497602,44,21,1969,11,male,163,10,10,0,0,0,0,0,0
1809734,44,6,1969,11,female,141,9,3,0,2,0,1,0,1
2059439,44,17,1969,12,male,945,10,6,0,0,0,0,0,0
1777219,44,12,1969,12,male,329,10,5,0,0,0,0,0,0
1436200,43,15,1970,1,male,648,10,5,0,0,0,0,0,0
1712820,43,1,1970,1,male,660,10,8,0,0,0,0,0,0
1963702,43,7,1970,3,female,337,10,8,0,0,0,0,0,0
1852607,43,23,1970,4,male,396,10,6,0,0,0,0,0,0
1431418,43,25,1970,5,male,625,9,6,0,0,0,0,0,0
1354964,43,13,1970,6,male,207,10,4,0,1,0,1,0,0
1025997,44,1,1969,1,male,1261,9,9,0,0,0,0,0,0
1327414,44,8,1969,2,male,907,9,2,0,0,0,0,0,0
1519427,44,26,1969,3,male,624,10,9,0,0,0,0,0,0
1265283,44,23,1969,3,male,249,10,9,0,0,0,0,0,0
1064946,44,20,1969,5,male,337,9,7,0,6,0,0,0,6
1966102,44,9,1969,6,female,1584,10,6,0,0,0,0,0,0
1861510,44,4,1969,6,female,557,9,9,0,0,0,0,0,0
2074066,44,1,1969,6,male,128,9,4,0,0,0,0,0,0
1246005,44,14,1969,8,male,1120,10,6,0,3,0,2,0,1
1916705,44,6,1969,8,male,910,10,7,0,0,0,0,0,0
2097467,44,7,1969,9,male,744,10,9,0,0,0,0,0,0
1887613,44,22,1969,9,female,65,10,6,0,0,0,0,0,0
1571404,44,16,1969,10,female,160,10,8,0,0,0,0,0,0
2152208,44,20,1969,10,male,74,10,8,0,0,0,0,0,0
1631142,46,1,1967,12,male,686,10,5,0,1,0,1,0,0
1653894,45,5,1968,1,male,921,9,7,0,1,0,0,0,1
2074117,45,12,1968,1,female,347,10,5,0,0,0,0,0,0
1582452,45,3,1968,2,male,379,9,8,0,1,0,0,0,1
1329507,45,12,1968,4,male,501,9,7,0,0,0,0,0,0
1546420,45,26,1968,7,female,383,9,5,0,0,0,0,0,0
1692502,45,12,1968,7,male,345,10,6,0,0,0,0,0,0
1192963,45,16,1968,9,male,511,9,6,0,0,0,0,0,0
1732330,45,27,1968,9,male,257,9,6,0,0,0,0,0,0
1553321,45,17,1968,10,male,822,10,9,0,0,0,0,0,0
1889532,45,28,1968,10,male,349,9,7,0,0,0,0,0,0
2183378,47,30,1966,11,male,36,10,9,0,0,0,0,0,0
1436276,46,1,1967,1,female,411,10,8,0,1,0,0,0,1
1324738,46,23,1967,2,male,545,9,7,0,0,0,0,0,0
1690655,46,16,1967,3,male,142,10,9,0,0,0,0,0,0
1221179,46,30,1967,5,male,622,9,3,0,0,0,0,0,0
2123098,46,31,1967,5,male,154,9,6,0,3,0,0,0,3
1601356,46,21,1967,7,male,561,9,9,0,0,0,0,0,0
1453041,46,23,1967,8,male,450,10,5,0,0,0,0,0,0
2114605,46,22,1967,10,male,83,9,8,0,0,0,0,0,0
1533753,48,24,1965,11,female,658,9,6,0,0,0,0,0,0
1566535,48,6,1965,11,male,457,10,2,0,0,0,0,0,0
1009285,48,23,1965,12,male,268,9,6,0,0,0,0,0,0
1408931,47,23,1966,1,male,418,9,6,0,0,0,0,0,0
